https://vnexpress.net/hoc-sinh-tham-gia-bao-luc-hoc-duong-can-phai-lao-dong-cong-ich-4969174.html,VnExpress,Thời sự,Vũ Tuân,2025-11-20 14:00:00,Học sinh tham gia bạo lực học đường 'cần phải lao động công ích',"Đại biểu Nguyễn Văn Cảnh cho rằng để ngăn bạo lực học đường phải có chế tài mạnh gồm lao động công ích, giáo dục ngoài nhà trường và biện pháp can thiệp của cơ quan bảo vệ pháp luật khi cần thiết.","Sáng 20 / 11 , thảo luận về ba dự án luật giáo dục và dự thảo Nghị quyết của Quốc hội về đột phá phát triển giáo dục và đào tạo , đại biểu Nguyễn Văn C.",2025-11-20 14:50:17,bf19ed75-8d09-451d-96fe-8046bab88010,"đình chỉ học, Bạo lực học đường, GS Nguyễn Anh Trí"
https://vnexpress.net/nhieu-tai-xe-xe-hang-mac-ket-tren-quoc-lo-do-lu-4969209.html,VnExpress,Thời sự,Gia Lai,2025-11-20 13:02:00,"Nhiều tài xế, xe hàng mắc kẹt trên quốc lộ do lũ","Nhiều đoạn quốc lộ 1A qua Gia Lai, Đăk Lăk, Khánh Hòa ngập sâu, giao thông tê liệt, khiến hàng loạt tài xế và hàng hóa mắc kẹt.","Trưa 20 / 11 , hàng nghìn xe vẫn mắc kẹt tại nút giao Ngọc Hội , điểm giao giữa đường sắt Bắc – Nam với đường 23 Tháng 10 ( quốc lộ 1C ) và 19 Tháng 5 - trung tâm Nha Trang , tỉnh Khánh Hòa . Khu vực này đang ngập sâu do mưa lớn kèm nước lũ dâng cao khiếnhàng loạt ôtô chết máy , giao thông tê liệt . Trưa 20 / 11 , hàng nghìn xe vẫn mắc kẹt tại nút giao Ngọc Hội , điểm giao giữa đường sắt Bắc – Nam với đường 23 Tháng 10 ( quốc lộ 1C ) và 19 Tháng 5 - trung tâm Nha Trang , tỉnh Khánh Hòa . Khu vực này đang ngập sâu do mưa lớn kèm nước lũ dâng cao khiếnhàng loạt ôtô chết máy , giao thông tê liệt . Các nhánh ở nút giao Ngọc Hội chật kín xe . Một số nhánh rẽ về trung tâm Nha Trang ngập sâu khiến giao thông chia cắt . Đường 23 Tháng 10 , tuyến huyết mạch ở cửa ngõ phía Tây Nha Trang ngập sâu hơn một mét , kế bên khu vực siêu thị Go ! - khu đô thị Vĩnh Điềm Trung vẫn mênh mông nước , hàng loạt ôtô chết máy . Nước lũ tràn qua đường ray gần ga Nha Trang . Hiện tuyến đường sắt Bắc - Nam qua các tỉnh bị .",2025-11-20 14:50:25,bf19ed75-8d09-451d-96fe-8046bab88010,"Khánh Hòa, Lũ lụt miền Trung, quốc lộ 1A, Đăk Lăk"
https://vnexpress.net/tam-ngung-khai-thac-san-bay-tuy-hoa-4969210.html,VnExpress,Thời sự,Đoàn Loan,2025-11-20 12:02:00,Tạm ngừng khai thác sân bay Tuy Hòa,"Cục Hàng không Việt Nam quyết định tạm ngừng hoạt động sân bay Tuy Hòa từ 10h đến 24h ngày 20/11 vì nhiều hạng mục bị ngập, hệ thống điện mất hoàn toàn.","Theo cơ quan quản lý , nước lũ dâng khiến một phần đường băng ngập sâu , nhiều thiết bị kỹ thuật phải ngừng vận hành , các tuyến đường vào sân bay bị chia cắt . Lực lượng chức năng đang khẩn trương gia cố trang thiết bị để bảo đảm an toàn và hạn chế .",2025-11-20 14:50:33,bf19ed75-8d09-451d-96fe-8046bab88010,"Đăk Lăk, dừng khai thác, Sân bay Tuy Hoà"
https://vnexpress.net/chay-quan-lau-duoi-chan-cau-long-bien-4969239.html,VnExpress,Thời sự,Việt An,2025-11-20 14:01:00,Cháy quán lẩu dưới chân cầu Long Biên,"Quán lẩu trong chợ ẩm thực Ngọc Lâm bất ngờ bốc cháy trưa 20/11, khói lửa bùng cao kèm nhiều tiếng nổ, nghi do nổ bình gas.","Khoảng 12h , lửa bùng lên trong quán lẩu gạch tôm sông thuộc phường Bồ Đề . Quán đang sửa chữa , không có khách , những người làm việc bên trong kịp chạy ra ngoài . . Cháy quán lẩu dưới chân cầu Long Biên Quán lẩu bốc cháy .",2025-11-20 14:50:41,bf19ed75-8d09-451d-96fe-8046bab88010,"Hà Nội, Cháy nhà, chợ ẩm thực Ngọc Lâm"
https://vnexpress.net/ha-noi-thi-diem-cam-oto-tren-10-tan-di-vao-ba-tuyen-duong-4969177.html,VnExpress,Thời sự,Việt An,2025-11-20 14:01:00,Hà Nội thí điểm cấm ôtô trên 10 tấn đi vào ba tuyến đường,"Sở Xây dựng Hà Nội sẽ thí điểm cấm ôtô tải trên 10 tấn lưu thông vào đường Phúc La, Phan Trọng Tuệ và Cầu Bươu trong giờ cao điểm, bắt đầu từ ngày 24/11.","Theo kế hoạch , thời gian thí điểm kéo dài đến ngày 25 / 2 / 2025 . Trong giai đoạn này , xe tải trên 10 tấn bị cấm đi vào đường Phúc La ( hướng từ nút giao Văn Khê đến nút giao Cầu Bươu - Phùng Hưng ) , đường Phan Trọng Tuệ và Cầu Bươu ( đoạn từ đường Đại Thanh đến nút giao Phúc La - Phùng Hưng ) vào các khung giờ cao điểm sáng và chiều . Các phương tiện thuộc diện cấm sẽ được hướng dẫn di chuyển theo lộ trình quốc lộ 1A - đường tỉnh 427 - trục phát triển phía Nam Hà Nội - đường vành đai 3, 5 ( nút Văn Khê ) và ngược lại . Lực lượng chức năng đang bổ sung biển báo từ xa tại các nút giao để xe tải trên 10 tấn nhận biết và chuyển hướng sớm . Tuyến đường Phan Trọng Tuệ thường xuyên ùn tắc .",2025-11-20 14:50:46,bf19ed75-8d09-451d-96fe-8046bab88010,"Sở Xây dựng, Cấm xe tải, xe tải trên 10 tấn"
https://vnexpress.net/xe-mercedes-dam-xe-khach-do-ven-duong-mot-nguoi-tu-vong-4969198.html,VnExpress,Thời sự,Lê Tân,2025-11-20 12:02:00,"Xe Mercedes đâm xe khách đỗ ven đường, một người tử vong","Chiếc Mercedes Maybach chạy trên đường Bãi Cháy, TP Hạ Long, đâm vào ôtô khách đang đỗ ven đường khiến hai người bị thương nặng, sau đó một người tử vong.","Khoảng 1h10 ngày 20 / 11 , trên đường Bãi Cháy , đoạn trước khách sạn Thái Hà , xe Mercedes Maybach do tài xế 25 tuổi điều khiển , lưu thông từ hướng cầu Bãi Cháy về vòng xuyến Cái Dăm , đã va chạm mạnh với xe khách đang đỗ bên lề đường ở hướng ngược lại . . Xe Mercedes đâm xe khách đỗ ven đường , một người tử vong Khoảng khắc xe Mercedes đâm xe khách đỗ ven đường .",2025-11-20 14:50:50,bf19ed75-8d09-451d-96fe-8046bab88010,"Tai nạn giao thông, Quảng Ninh"
https://vnexpress.net/de-xuat-phat-hanh-sach-giao-khoa-dien-tu-4969171.html,VnExpress,Thời sự,Cần làm rõ môn học cần sách và siết quy trình thẩm định,2025-11-20 12:00:00,Đề xuất phát hành sách giáo khoa điện tử,"Một số đại biểu đề nghị xây dựng bộ sách giáo khoa điện tử, cho học sinh khó khăn mượn thiết bị và kiểm soát lạm dụng sách tham khảo để giáo dục đạt hiệu quả thực chất.","Sáng 20 / 11 , góp ý Nghị quyết về chính sách đặc thù phát triển giáo dục , đại biểu Trịnh Thị Tú Anh ( đoàn Lâm Đồng ) nhấn mạnh bộ sách thống nhất và cấp miễn phí là bước tiến quan trọng về công bằng giáo dục , nhưng chỉ có ý nghĩa khi được quản lý chặt chẽ . Bà cho biết nhiều nơi dù không thu tiền sách giáo khoa nhưng phụ huynh vẫn phải mua thêm sách bài tập , sách nâng cao có nội dung trùng lặp , khiến gánh nặng chi phí không giảm . Từ những bất cập đó , bà Tú Anh đề xuất nghiên cứu bộ sách giáo khoa điện tử , đồng thời hỗ trợ học sinh khó khăn được mượn thiết bị đọc . "" Hình thức điện tử giúp tiết kiệm chi phí in ấn , cho phép sách dùng lại nhiều năm và phù hợp quá trình chuyển đổi số trong giáo dục "" , nữ đại biểu nói . Đại biểu Trịnh Thị Tú Anh ( chuyên trách đoàn Lâm Đồng ) .",2025-11-20 14:50:55,bf19ed75-8d09-451d-96fe-8046bab88010,"Quốc hội, Sách giáo khoa, một bộ sách giáo khoa"
https://vnexpress.net/thu-tuong-yeu-cau-bang-moi-bien-phap-cuu-dan-vung-lu-4968987.html,VnExpress,Thời sự,"Quân đội đưa trực thăng, bộ đội đến giúp dân",2025-11-20 11:04:00,Thủ tướng yêu cầu 'bằng mọi biện pháp' cứu dân vùng lũ,"Thủ tướng chỉ đạo Khánh Hòa, Đăk Lăk, Gia Lai huy động tối đa lực lượng, kể cả trực thăng và thiết bị bay không người lái, để sơ tán, cứu hộ người dân đang bị cô lập.","Công điện ban hành ngày 20 / 11 yêu cầu ba địa phương triển khai mọi biện pháp tiếp cận ngay các khu dân cư bị ngập sâu , chia cắt , sạt lở ; khẩn trương di dời dân đến nơi an toàn . Lương thực , thực phẩm phải được tiếp tế kịp thời , ưu tiên các mặt hàng dùng ngay như lương khô , bánh mì , sữa ; "" không để người dân bị đói , rét , thiếu nước uống "" . Thủ tướng giao Bộ Quốc phòng và Bộ Công an huy động tối đa lực lượng , phương tiện , kể cả trực thăng và thiết bị bay không người lái để hỗ trợ sơ tán , cứu hộ và vận chuyển hàng cứu trợ . Bộ Xây dựng và Bộ Công an chỉ đạo điều tiết giao thông từ xa , khuyến cáo người dân hạn chế vào khu vực nguy hiểm ; Bộ Nông nghiệp và Bộ Tài nguyên Môi trường dự báo kịp thời tình hình mưa lũ để chính quyền và người dân chủ động ứng phó "" ở mức cao nhất có thể "" . Lực lượng chức năng giải cứu người dân bị ngập sâu ở phía Tây Nha Trang , sáng 20 / 11 .",2025-11-20 14:51:00,bf19ed75-8d09-451d-96fe-8046bab88010,"Lũ lụt miền Trung, Thủ tướng Phạm Minh Chính"
https://vnexpress.net/huong-toi-moi-truong-giao-duc-coi-gian-doi-la-dieu-dang-xau-ho-4967548.html,VnExpress,Thời sự,Lan Hạ,2025-11-20 01:00:00,'Hướng tới môi trường giáo dục coi gian dối là điều đáng xấu hổ',"Bộ trưởng Nguyễn Kim Sơn khẳng định ngành Giáo dục sẽ dứt bệnh thành tích, chống mọi kiểu dạy - học hình thức, để chất lượng trở thành giá trị văn hóa và mỗi người tự thấy xấu hổ khi gian dối.","Hôm nay 20 / 11 , Quốc hội dành trọn ngày thảo luận việc sửa ba luật và một nghị quyết liên quan đến giáo dục , gồm Luật Giáo dục , Giáo dục đại học , Giáo dục nghề nghiệp và nghị quyết triển khai Nghị quyết 71 của Bộ Chính trị về đột phá phát triển giáo dục . Vn Expressphỏng vấn Bộ trưởng Giáo dục và Đào tạo Nguyễn Kim Sơn về những đổi mới được kỳ vọng tạo nền tảng cho giáo dục Việt Nam bứt phá trong giai đoạn tới . - Trong Nghị quyết 71 , Bộ Chính trị yêu cầu chuyển giáo dục sang "" thực học , thực chất "" với ba trụ cột chuẩn năng lực , chất lượng đội ngũ và môi trường học tập . Bộ trưởng muốn bắt đầu từ đâu để tạo chuyển động rõ trong nhà trường ? - Tôi cho rằng "" thực học , thực chất "" phải bắt đầu từ những điều cốt lõi nhất của mỗi nhà trường . Đó là chất lượng và tinh thần trung thực trong dạy - học . Chúng tôi kiên quyết nói không với bệnh thành tích , chống mọi kiểu dạy - học hình thức để đưa giáo dục về đúng bản chất . Môi trường học đường phải thấm đẫm sự tôn trọng , nhân ái và trung thực , từ cách thầy lắng nghe trò , trò kính trọng thầy , đến việc nhà trường minh bạch trong đánh giá . Khi chất lượng thực trở thành giá trị văn hóa , mỗi người sẽ tự thấy xấu hổ khi gian dối , thay vì coi đó là bình thường . Một môi trường đề cao học thật , thi thật chắc chắn tạo chuyển biến . Thầy cô dạy bằng tâm và trách nhiệm , học sinh học để hiểu thật , làm thật , thay vì đối phó . Đội ngũ nhà giáo phải là lực lượng đi đầu trong thực học . Thầy cô gương mẫu về nhân cách , trung thực , công bằng . Một bài giảng đạo đức không thể thuyết phục nếu người thầy thiếu gương mẫu . Bộ đang tập trung bồi dưỡng để giáo viên đổi mới phương pháp giảng dạy , chuyển sang phát triển năng lực thay vì truyền thụ một chiều . Đồng thời , mỗi thầy cô phải tự học hỏi , trau dồi kỹ năng , sẵn sàng tiếp cận cái mới - từ phương pháp tích cực đến công nghệ và trí tuệ nhân tạo . Khi người thầy tận tâm và chuyên nghiệp , họ sẽ truyền cảm hứng về học thật , thi thật cho học trò . Nói ngắn gọn , điểm khởi đầu quan trọng nhất là xây dựng môi trường dạy - học trung thực , coi trọng chất lượng thực . Đây là nền tảng để mọi giải pháp phát huy hiệu quả , tạo ra chuyển động tích cực có thể nhìn thấy ngay trong từng lớp học , từng trường học . Bộ trưởng Giáo dục và Đào tạo Nguyễn Kim Sơn .",2025-11-20 14:51:08,bf19ed75-8d09-451d-96fe-8046bab88010,"Bộ trưởng Giáo dục và Đào tạo, Nguyễn Kim Sơn, đột phá phát triển giáo dục"
https://vnexpress.net/oto-xe-may-tren-toan-quoc-phai-dap-ung-chuan-khi-thai-tu-2030-4965949.html,VnExpress,Thời sự,Vũ Tuân,2025-11-19 18:00:00,"Ôtô, xe máy trên toàn quốc phải đáp ứng chuẩn khí thải từ 2030","Thủ tướng Phạm Minh Chính yêu cầu đến năm 2030, toàn bộ phương tiện giao thông đường bộ phải đáp ứng các mức khí thải theo quy chuẩn quốc gia, nhằm giảm ô nhiễm và bảo vệ sức khỏe người dân.","Ngày 19 / 11 , Thủ tướng Phạm Minh Chính phê duyệt kế hoạch hành động quốc gia về quản lý chất lượng không khí giai đoạn 2026 - 2030 nhằm từng bước cải thiện ô nhiễm không khí tại các khu vực kinh tế trọng điểm , nhất là Hà Nội , TP HCM và các tỉnh lân cận . Mục tiêu đến năm 2030 , các đô thị lớn phải giảm đáng kể nồng độ bụi mịn và tăng số ngày có chất lượng không khí ở mức tốt và trung bình . Hà Nội phấn đấu đến năm 2030 giảm 20 % nồng độ bụi PM2 . 5 so với 2024 tại các trạm quan trắc , nâng số ngày có chất lượng không khí tốt và trung bình lên tối thiểu 80 % . Đến 2045 , nồng độ bụi PM2 . 5 của Thủ đô đạt quy chuẩn quốc gia . Các tỉnh Thái Nguyên , Phú Thọ , Bắc Ninh , Hưng Yên , Hải Phòng và Ninh Bình đặt mục tiêu giảm 10 % bụi PM2 . 5 trong cùng giai đoạn . TP HCM và các đô thị khác phải duy trì xu hướng cải thiện qua từng năm . Phương tiện dày đặc di chuyển khó khăn trên đường Nguyễn Trãi , Hà Nội , tháng 1 / 2025 .",2025-11-20 14:51:14,bf19ed75-8d09-451d-96fe-8046bab88010,"ôtô, xe máy, ô nhiễm không khí, kiểm soát khí thải"
https://vnexpress.net/ong-tran-phong-lam-chu-tich-khanh-hoa-4965897.html,VnExpress,Thời sự,Bùi Toàn,2025-11-19 17:01:00,Ông Trần Phong làm Chủ tịch Khánh Hòa,"Ông Trần Phong, nguyên Chủ tịch UBND Quảng Trị, được bầu làm Chủ tịch UBND Khánh Hòa nhiệm kỳ 2021-2026, thay ông Nguyễn Khắc Toàn đã nhận công tác mới.","Chiều 19 / 11 , ông Trần Phong được HĐND tỉnh Khánh Hòa bầu chức Chủ tịch UBND tỉnh , với số phiếu thuận 60 / 61 . Trước đó , ông được điều động giữ chức Phó bí thư Tỉnh ủy Khánh Hòa . Ông Trần Phong , Chủ tịch UBND tỉnh Khánh Hòa .",2025-11-20 14:51:17,bf19ed75-8d09-451d-96fe-8046bab88010,"Khánh Hòa, Phó bí thư, Trần Phong, chủ tịch ubnd tỉnh"
https://vnexpress.net/noi-lo-bi-phat-khi-thieu-thiet-bi-an-toan-cho-tre-em-4965273.html,VnExpress,Thời sự,Đoàn Loan - Phạm Chiểu,2025-11-19 00:00:00,Nỗi lo bị phạt khi thiếu thiết bị an toàn cho trẻ em,Nhiều tài xế xe công nghệ và taxi lo ngại có thể bị phạt tiền khi thiếu ghế chở trẻ em hoặc trẻ không thắt dây an toàn trên xe từ ngày 1/1/2026.,"Luật Trật tự an toàn giao thông đường bộ quy định từ ngày 1 / 1 / 2026 , trẻ em dưới 10 tuổi , cao dưới 1, 35 m không được ngồi cùng hàng ghế với người lái xe ( trừ loại ôtô chỉ có một hàng ghế ) . Người lái xe phải sử dụng , hướng dẫn sử dụng thiết bị an toàn cho trẻ em phù hợp . Nếu không thực hiện quy định này , theo Nghị định 168 / 2024 , tài xế có thể bị phạt 0, 8 - 1 triệu đồng . Là tài xế xe hợp đồng điện tử , anh Thanh Minh , trú quận Cầu Giấy , thường xuyên đưa đón khách đi sân bay Nội Bài . Anh băn khoăn có nên chi 3 - 5 triệu đồng mua ghế trẻ em hay không , cũng chưa biết người lái hay hành khách phải mang ghế . Nếu cần đầu tư thì phải trang bị loại ghế nào bởi thị trường có nhiều loại cho trẻ 1 - 4 tuổi , ghế nâng cho trẻ 4 - 5 tuổi , đệm nâng cho trẻ lớn . . . "" Tôi sợ bị phạt oan khi khách muốn bế trẻ hoặc gây căng thẳng với khách nếu họ yêu cầu tài xế phải trang bị "" , anh Minh nói và cho rằng ngoài tăng chi phí , việc sử dụng ghế có một số bất tiện , như lái xe phải dừng lại lắp và tháo ghế mất nhiều thời gian . Cốp xe không đủ chỗ khi phải vừa đựng ghế , vừa chở đồ cho hành khách , nhất là khi đưa khách đi sân bay . Cũng chia sẻ bất tiện nếu phải mang ghế an toàn cho khách , ông Thành , tài xế một hãng taxi , giải thích đường phố Hà Nội thường xuyên ùn tắc , "" xe dừng đỗ để đón khách đã khó nói gì đến việc dừng tháo - lắp ghế "" . Hãng taxi của ông cũng chưa có động thái trang bị ghế an toàn cho các xe . Nếu áp dụng quy định này , ông Thành xác định sẽ phải từ chối khách đi cùng trẻ nhỏ , trên xe chỉ có dây an toàn loại của người lớn . Theo luật hiện hành , dưới 10 tuổi , cao dưới 1, 35 m phải có thiết bị đảm bảo an toàn khi ngồi trên ôtô .",2025-11-20 14:51:36,bf19ed75-8d09-451d-96fe-8046bab88010,Ghế trẻ em trên ôtô​
https://vnexpress.net/nguoi-dan-gia-lai-dak-lak-leo-noc-nha-cho-cuu-ho-4965975.html,VnExpress,Thời sự,Đăk Lăk,2025-11-19 19:01:00,"Người dân Gia Lai, Đăk Lăk leo nóc nhà chờ cứu hộ","Hàng chục nghìn ngôi nhà phía đông Gia Lai, Đăk Lăk bị ngập sâu, nhiều người dân leo lên mái tránh lũ, chờ cứu hộ và tiếp tế lương thực.","Mưa lớn trong đêm qua và sáng 19 / 11 khiến nước sông Ba dâng cao , khoảng 8. 500 nhà dân ở phía đông Đăk Lăk ( Phú Yên cũ ) ngập sâu trong lũ . Trong đó , hàng nghìn nhà cấp bốn , nhà một tầng bị lút nóc . Hàng nghìn người dân không kịp sơ tán , phải leo lên nóc nhà khi nước dâng cao . Các lực lượng Bộ đội , dân quân , công an tiếp cận các khu vực nguy hiểm để đưa người dân ra ngoài . Mưa lớn trong đêm qua và sáng 19 / 11 khiến nước sông Ba dâng cao , khoảng 8. 500 nhà dân ở phía đông Đăk Lăk ( Phú Yên cũ ) ngập sâu trong lũ . Trong đó , hàng nghìn nhà cấp bốn , nhà một tầng bị lút nóc . Hàng nghìn người dân không kịp sơ tán , phải leo lên nóc nhà khi nước dâng cao . Các lực lượng Bộ đội , dân quân , công an tiếp cận các khu vực nguy hiểm để đưa người dân ra ngoài . Thuyền của lực lượng cứu hộ ở Tuy Hòa tiếp cận một nhà dân bằng cách đục cửa sổ . Khu vực này nước đã lên tới tầng hai , nơi đặt máy điều hòa . Thuyền của lực lượng cứu hộ ở Tuy Hòa tiếp cận một nhà dân bằng cách đục cửa sổ . Khu vực này nước đã lên tới tầng hai , nơi đặt máy điều hòa . Để được nhìn thấy , một số người dân phải ra ngoài mưa đứng ở vị trí mái đua phía trên cửa sổ . Để được nhìn thấy , một số người dân phải ra ngoài mưa đứng ở vị trí mái đua phía trên cửa sổ . Tại Gia Lai , gia đình bà Ngọc Lan ở tổ 2 , khu vực 5 , Bùi Thị Xuân , khu công nghiệp Phú Tài , bị ngập lúc nóc , cô lập hoàn toàn . Bà cho biết đại gia đình nhiều thế hệ có 30 người , trong đó có người già và 7 trẻ nhỏ . Hiện cả nhà không có lương thực và nước uống , cầu cứu các lực lượng cứu hộ . Tại Gia Lai , gia đình bà Ngọc Lan ở tổ 2 , khu vực 5 , Bùi Thị Xuân , khu công nghiệp Phú Tài , bị ngập lúc nóc , cô lập hoàn toàn . Bà cho biết đại gia đình nhiều thế hệ có 30 người , trong đó có người già và 7 trẻ nhỏ . Hiện cả nhà không có lương thực và nước uống , cầu cứu các lực lượng cứu hộ . Người dân Quy Nhơn được đội cứu hộ dỡ mái nhà cứu ra ngoài , sáng 19 / 11 . Người dân Quy Nhơn được đội cứu hộ dỡ mái nhà cứu ra ngoài , sáng 19 / 11 . Các em nhỏ được lực lượng cứu hộ cõng sau khi đưa ra từ điểm cô lập . Theo UBND Gia Lai , các phường Quy Nhơn Bắc , Quy Nhơn Đông và các xã Tuy Phước , Tuy Phước Đông , Tuy Phước Bắc . . . đang ngập sâu do mưa lũ . Toàn tỉnh có hơn 8. 300 hộ với gần 36. 000 người bị ngập và cô lập ; một số tuyến đường hư hỏng . Các em nhỏ được lực lượng cứu hộ cõng sau khi đưa ra từ điểm cô lập . Theo UBND Gia Lai , các phường Quy Nhơn Bắc , Quy Nhơn Đông và các xã Tuy Phước , Tuy Phước Đông , Tuy Phước Bắc . . . đang ngập sâu do mưa lũ . Toàn tỉnh có hơn 8. 300 hộ với gần 36. 000 người bị ngập và cô lập ; một số tuyến đường hư hỏng . Do nhiều tuyến phố ngập sâu , phương tiện đường bộ gần như không thể di chuyển . Công an Gia Lai dùng xuồng và phao chuyên dụng hỗ trợ đưa người già , trẻ em đến nơi an toàn . Dự báo tối nay , mực nước sông Kôn và sông Hà Thanh tiếp tục lên , khả năng vượt báo động 3 . Do nhiều tuyến phố ngập sâu , phương tiện đường bộ gần như không thể di chuyển . Công an Gia Lai dùng xuồng và phao chuyên dụng hỗ trợ đưa người già , trẻ em đến nơi an toàn . Dự báo tối nay , mực nước sông Kôn và sông Hà Thanh tiếp tục lên , khả năng vượt báo động 3 . Lực lượng cứu hộ đưa người dân Quy Nhơn lên xe chuyên dụng tới nơi tránh trú nơi an toàn .",2025-11-20 14:52:28,bf19ed75-8d09-451d-96fe-8046bab88010,"lũ lụt, miền Trung, leo lên nóc nhà, Ngập"
https://vnexpress.net/nguoi-ha-noi-doi-tui-nylon-chong-lanh-dau-mua-4965796.html,VnExpress,Thời sự,Giang Huy - Thanh Hải,2025-11-19 13:02:00,Người Hà Nội đội túi nylon chống lạnh đầu mùa,"Sáng 19/11, Hà Nội chuyển lạnh sâu, nhiều người ra đường phải mặc áo mưa, che túi nylon hoặc đốt lửa sưởi ấm để chống lại cái rét đầu mùa.","Nhiệt độ Hà Nội sáng nay xuống 13 độ C , giảm khoảng 6 - 7 độ so với sáng qua . Trời lạnh , thi thoảng có mưa , nhưng nhiều người vẫn duy trì thói quen tập thể dục quanh hồ Hoàn Kiếm . Toàn bộ 15 tỉnh , thành miền Bắc sáng nay đều dưới 15 độ C , riêng Mẫu Sơn ( Lạng Sơn ) chỉ hơn 3 độ . Nguyên nhân do không khí lạnh cường độ mạnh tràn về miền Bắc , sau đó xâm lấn tới miền Trung . Nhiệt độ Hà Nội sáng nay xuống 13 độ C , giảm khoảng 6 - 7 độ so với sáng qua . Trời lạnh , thi thoảng có mưa , nhưng nhiều người vẫn duy trì thói quen tập thể dục quanh hồ Hoàn Kiếm . Toàn bộ 15 tỉnh , thành miền Bắc sáng nay đều dưới 15 độ C , riêng Mẫu Sơn ( Lạng Sơn ) chỉ hơn 3 độ . Nguyên nhân do không khí lạnh cường độ mạnh tràn về miền Bắc , sau đó xâm lấn tới miền Trung . Anh Long , chủ quán trà đá trên phố Tam Trinh , phường Lĩnh Nam , cho biết cứ lạnh đến là anh nhóm lửa để khách ngồi uống nước cho ấm . Anh Long , chủ quán trà đá trên phố Tam Trinh , phường Lĩnh Nam , cho biết cứ lạnh đến là anh nhóm lửa để khách ngồi uống nước cho ấm . Trên đường Mễ Trì , phường Từ Liêm , nhiều phụ huynh dùng áo mưa , túi nylon che chắn cho con khi đưa đến trường . Hà Nội sáng nay lạnh kèm mưa nhỏ , khiến cảm giác rét buốt tăng lên . Trên đường Mễ Trì , phường Từ Liêm , nhiều phụ huynh dùng áo mưa , túi nylon che chắn cho con khi đưa đến trường . Hà Nội sáng nay lạnh kèm mưa nhỏ , khiến cảm giác rét buốt tăng lên . Chiếc xe máy được lắp tấm chắn phía trước cao quá đầu , nhưng người đàn ông vẫn phải mặc thêm quần và áo mưa khi di chuyển trên đường Lê Văn Lương . Chiếc xe máy được lắp tấm chắn phía trước cao quá đầu , nhưng người đàn ông vẫn phải mặc thêm quần và áo mưa khi di chuyển trên đường Lê Văn Lương . Đầu giờ sáng trời quang mây , không mưa , nhiệt độ nhích lên nhưng vẫn lạnh . Nhiều người mặc áo ấm , trùm thêm áo mưa để chắn gió khi ra đường . Đầu giờ sáng trời quang mây , không mưa , nhiệt độ nhích lên nhưng vẫn lạnh . Nhiều người mặc áo ấm , trùm thêm áo mưa để chắn gió khi ra đường . Hàng nước của bà Nguyễn Thị Loan nằm bên cạnh sông Kim Ngưu , phải lấy ô che chắn gió lạnh cho khách ngồi uống nước . Hàng nước của bà Nguyễn Thị Loan nằm bên cạnh sông Kim Ngưu , phải lấy ô che chắn gió lạnh cho khách ngồi uống nước . Nhiều người mặc áo khoác , đội mũ kín tai , giữ ấm bằng chén trà nóng bên vỉa hè . Nhiều người mặc áo khoác , đội mũ kín tai , giữ ấm bằng chén trà nóng bên vỉa hè . Chị Hoa , người bán xôi sáng , cho biết khách chủ yếu mua mang đi chứ không ngồi lại ăn như mọi ngày vì gió mùa đông bắc thổi mạnh . Chị Hoa , người bán xôi sáng , cho biết khách chủ yếu mua mang đi chứ không ngồi lại ăn như mọi ngày vì gió mùa đông bắc thổi mạnh . Một số hàng quán tạm trong khu đô thị phường Hà Đông quây kín bằng lớp nylon quanh khung sắt để chắn gió , giúp khách bên trong không bị lạnh . Theo Trung tâm Dự báo Khí tượng Thủy văn quốc gia , nhiệt độ Thủ đô ngày 19 / 11 giảm còn 13 - 17 độ C , sau đó tăng dần lên 15 - 24 độ C vào cuối tuần . Một số hàng quán tạm trong khu đô thị phường Hà Đông quây kín bằng lớp nylon quanh khung sắt để chắn gió , giúp khách bên trong không bị lạnh . Theo Trung tâm Dự báo Khí tượng Thủy văn quốc gia , nhiệt độ Thủ đô ngày 19 / 11 giảm còn 13 - 17 độ C , sau đó tăng dần lên 15 - 24 độ C vào cuối tuần . Giang Huy - Thanh Hải Miền Bắc thấp nhất 3 độ CSáng 19 / 11 , toàn bộ 15 tỉnh , thành miền Bắc đều dưới 15 độ C , trong đó Mẫu Sơn ( Lạng Sơn ) chỉ hơn 3 độ , Hà Nội 13 độ . 31 .",2025-11-20 14:52:32,bf19ed75-8d09-451d-96fe-8046bab88010,"thời tiết, lạnh sâu, trời hà nội chuyển lạnh"
https://vnexpress.net/pho-co-hoi-an-tai-ngap-4965597.html,VnExpress,Thời sự,Nguyễn Đông,2025-11-18 22:03:00,Phố cổ Hội An tái ngập,"Lũ sông Hoài vượt báo động ba khiến nhiều tuyến phố Hội An ngập lần thứ ba trong ba tuần, người dân phải lội nước hoặc dùng thuyền di chuyển trong ngày 18/11.","Nước lũ bủa vây phố cổ Hội An và các khu vực lân cận . Đường Bạch Đằng , Công Nữ Ngọc Hoa , Nguyễn Phúc Chu ven sông ngập 1, 2 - 1, 5 m , nhiều tuyến phía trong cũng chìm 0, 8 - 1 m . Nước lũ bủa vây phố cổ Hội An và các khu vực lân cận . Đường Bạch Đằng , Công Nữ Ngọc Hoa , Nguyễn Phúc Chu ven sông ngập 1, 2 - 1, 5 m , nhiều tuyến phía trong cũng chìm 0, 8 - 1 m . Cầu An Hội bắc qua sông Hoài nối khu phố cổ với chợ đêm Nguyễn Hoàng biến thành sông . Nhân viên môi trường lội nước tới bụng để thu gom rác , khơi thông dòng chảy cho lũ thoát ra biển Cửa Đại nhanh hơn . Cầu An Hội bắc qua sông Hoài nối khu phố cổ với chợ đêm Nguyễn Hoàng biến thành sông . Nhân viên môi trường lội nước tới bụng để thu gom rác , khơi thông dòng chảy cho lũ thoát ra biển Cửa Đại nhanh hơn . Chùa Cầu - biểu tượng của Hội An - vẫn đông khách tham quan dù muốn tiếp cận phải lội nước qua nhiều tuyến phố . Là khu vực cao ráo hiếm hoi , đoạn đầu đường Trần Phú giáp Chùa Cầu trở thành điểm thuyền nhỏ đón khách và người dân di chuyển giữa khu ngập . Chùa Cầu - biểu tượng của Hội An - vẫn đông khách tham quan dù muốn tiếp cận phải lội nước qua nhiều tuyến phố . Là khu vực cao ráo hiếm hoi , đoạn đầu đường Trần Phú giáp Chùa Cầu trở thành điểm thuyền nhỏ đón khách và người dân di chuyển giữa khu ngập . Đêm 28 / 10 , nhiều tuyến phố ven sông Hoài như Bạch Đằng , Công Nữ Ngọc Hoa . . . ngập 2, 5 m . Chùa Cầu - nơi cao nhất ở khu vực ven sông , nước dâng lên khoảng 1m , đã được nhân viên đánh dấu cao nhất trong các đợt lũ kể từ năm 1999 . Nước ngập hôm nay thấp hơn ngày 28 / 10 khoảng 1m . Bên trong chùa Cầu khô ráo , nhưng các tuyến đường xung quanh như Nguyễn Thị Minh Khai , Trần Phú đã ngập 0, 8 - 1 m . Đêm 28 / 10 , nhiều tuyến phố ven sông Hoài như Bạch Đằng , Công Nữ Ngọc Hoa . . . ngập 2, 5 m . Chùa Cầu - nơi cao nhất ở khu vực ven sông , nước dâng lên khoảng 1m , đã được nhân viên đánh dấu cao nhất trong các đợt lũ kể từ năm 1999 . Nước ngập hôm nay thấp hơn ngày 28 / 10 khoảng 1m . Bên trong chùa Cầu khô ráo , nhưng các tuyến đường xung quanh như Nguyễn Thị Minh Khai , Trần Phú đã ngập 0, 8 - 1 m . Trên các tuyến Nguyễn Thị Minh Khai , Nguyễn Thái Học - song song đường Tôn Nữ Ngọc Hoa và Bạch Đằng ven sông Hoài - nhiều hộ đã sơ tán lên tầng hai . Dưới đường , người dân phải dùng thuyền , xuồng di chuyển qua những đoạn ngập sâu . Trên các tuyến Nguyễn Thị Minh Khai , Nguyễn Thái Học - song song đường Tôn Nữ Ngọc Hoa và Bạch Đằng ven sông Hoài - nhiều hộ đã sơ tán lên tầng hai . Dưới đường , người dân phải dùng thuyền , xuồng di chuyển qua những đoạn ngập sâu . Bên trong nhà cổ Phùng Hưng ( số 4 đường Nguyễn Thị Minh Khai , cạnh chùa Cầu ) , nhân viên phải kê cao bàn ghế bằng các ghế nhựa . Đợt lũ đêm 28 / 10 đã khiến nhà cổ ngập hơn 1m , nhiều tài sản bị hư hỏng . Nhà cổ này được một thương nhân người Việt xây năm 1780 , trong thời kỳ hưng thịnh của đô thị cảng Hội An . Chủ nhân hiện tại là con cháu đời thứ 8 . Bên trong nhà cổ Phùng Hưng ( số 4 đường Nguyễn Thị Minh Khai , cạnh chùa Cầu ) , nhân viên phải kê cao bàn ghế bằng các ghế nhựa . Đợt lũ đêm 28 / 10 đã khiến nhà cổ ngập hơn 1m , nhiều tài sản bị hư hỏng . Nhà cổ này được một thương nhân người Việt xây năm 1780 , trong thời kỳ hưng thịnh của đô thị cảng Hội An . Chủ nhân hiện tại là con cháu đời thứ 8 . Trên tầng 2 nhà cổ , nhiều bàn ghế được khiêng lên để tránh ngập . Trong đó , một số bộ bàn ghế bị hư hỏng trong đợt lụt 20 ngày trước , được căng dây khuyến cáo khách du lịch không lại gần để đảm bảo an toàn . Trên tầng 2 nhà cổ , nhiều bàn ghế được khiêng lên để tránh ngập . Trong đó , một số bộ bàn ghế bị hư hỏng trong đợt lụt 20 ngày trước , được căng dây khuyến cáo khách du lịch không lại gần để đảm bảo an toàn . Cụ Nguyễn Văn Biên , 82 tuổi , sống tại số 49 Nguyễn Thị Minh Khai , cùng vợ dùng bữa chiều trong căn phòng tầng hai , phía dưới nước đã dâng gần 1m . Cụ cho biết rút kinh nghiệm lần trước , vợ chồng chủ động dự trữ lương thực , thực phẩm . "" Các con muốn đưa chúng tôi ra khu cao ráo hơn nhưng quen sinh hoạt ở nhà nên không đi "" , cụ nói , cho hay gác cao hơn 3 m so với mặt đường nên tạm yên tâm . Cụ Nguyễn Văn Biên , 82 tuổi , sống tại số 49 Nguyễn Thị Minh Khai , cùng vợ dùng bữa chiều trong căn phòng tầng hai , phía dưới nước đã dâng gần 1m . Cụ cho biết rút kinh nghiệm lần trước , vợ chồng chủ động dự trữ lương thực , thực phẩm . "" Các con muốn đưa chúng tôi ra khu cao ráo hơn nhưng quen sinh hoạt ở nhà nên không đi "" , cụ nói , cho hay gác cao hơn 3 m so với mặt đường nên tạm yên tâm . Nhiều di tích là điểm tham quan trong khu phố cổ phải đóng cửa vì ngập sâu . Phố cổ cũng dừng bán vé tham quan , bỏ gác chắn để người dân sơ tán tài sản . Nhiều di tích là điểm tham quan trong khu phố cổ phải đóng cửa vì ngập sâu . Phố cổ cũng dừng bán vé tham quan , bỏ gác chắn để người dân sơ tán tài sản . Bên trong đình làng cổ Cẩm Phô hơn 500 năm tuổi , nước lũ bủa vây bốn phía , nhiều cây cối ngâm trong nước qua nhiều đợt liên tiếp đã vàng lá , thậm chí chết úng . Đình từng được trùng tu vào các năm 1817 và 1897 , trải qua nhiều biến cố nhưng vẫn giữ phần lớn kiến trúc nguyên bản và được xếp hạng di tích kiến trúc nghệ thuật cấp quốc gia năm 1991 . Bên trong đình làng cổ Cẩm Phô hơn 500 năm tuổi , nước lũ bủa vây bốn phía , nhiều cây cối ngâm trong nước qua nhiều đợt liên tiếp đã vàng lá , thậm chí chết úng . Đình từng được trùng tu vào các năm 1817 và 1897 , trải qua nhiều biến cố nhưng vẫn giữ phần lớn kiến trúc nguyên bản và được xếp hạng di tích kiến trúc nghệ thuật cấp quốc gia năm 1991 . Trước nhà thờ Tin Lành Hội An trên đường Phan Chu Trinh , chiều tối 18 / 11 nước còn ngập 0, 8 m , nhiều học sinh đạp xe vui chơi . Khu vực quảng trường sông Hoài phía trước nhà thờ cũng bị nước lũ bủa vây . Trước nhà thờ Tin Lành Hội An trên đường Phan Chu Trinh , chiều tối 18 / 11 nước còn ngập 0, 8 m , nhiều học sinh đạp xe vui chơi . Khu vực quảng trường sông Hoài phía trước nhà thờ cũng bị nước lũ bủa vây . Nhiều du khách thuê ghe di chuyển trong phố cổ để trải nghiệm mùa lũ ở Hội An , trong khi người dân địa phương , kể cả trẻ nhỏ , đã quen với c .",2025-11-20 14:52:40,bf19ed75-8d09-451d-96fe-8046bab88010,"Đà Nẵng, lũ lụt, Hội An"
https://vnexpress.net/dao-boi-hang-nghin-m3-dat-da-tim-nguoi-mat-tich-o-deo-khanh-son-4965534.html,VnExpress,Thời sự,Bùi Toàn - Trần Hóa,2025-11-18 20:03:00,Đào bới hàng nghìn m3 đất đá tìm người mất tích ở đèo Khánh Sơn,"Gần 72 giờ, hàng chục máy xúc, máy ủi khẩn trương đào đất đá để tìm người mất tích sau sạt lở ở đèo Khánh Sơn.","Chiều 18 / 11 , nhiều xe xúc , cẩu tập trung ở đèo Khánh Sơn , tỉnh lộ 9 ( trước là DT 654 ) , xã Cam An , để tìmnạn nhân mất tíchtrong vụ sạt lở tối 16 / 11 . Cách đây hơn hai ngày , mưa lớn làm đất đá trên núi tràn xuống , vùi lấp lán trại đang có 10 người trú , 7 người kịp thoát thân , ba nạn nhân còn lại bị vùi lấp . Lực lượng cứu hộ tìm thấy một người tử vong , một người chấn thương . Nạn nhân còn lại hiện chưa tìm ra . Chiều 18 / 11 , nhiều xe xúc , cẩu tập trung ở đèo Khánh Sơn , tỉnh lộ 9 ( trước là DT 654 ) , xã Cam An , để tìmnạn nhân mất tíchtrong vụ sạt lở tối 16 / 11 . Cách đây hơn hai ngày , mưa lớn làm đất đá trên núi tràn xuống , vùi lấp lán trại đang có 10 người trú , 7 người kịp thoát thân , ba nạn nhân còn lại bị vùi lấp . Lực lượng cứu hộ tìm thấy một người tử vong , một người chấn thương . Nạn nhân còn lại hiện chưa tìm ra .",2025-11-20 14:52:44,bf19ed75-8d09-451d-96fe-8046bab88010,"Khánh Hòa, Sạt lở, đèo Khánh Sơn"
https://vnexpress.net/cuu-ho-dan-vung-ngap-o-dak-lak-khanh-hoa-4968566.html,VnExpress,Thời sự,Phạm Linh - Bùi Toàn,2025-11-20 09:04:00,"Cứu hộ dân vùng ngập ở Đăk Lăk, Khánh Hòa","Suốt đêm 19 đến sáng 20/11, lực lượng cứu hộ hàng nghìn người ở nhiều điểm ngập tại Đăk Lăk, Khánh Hòa.","Tối 19 / 11 , Công an xã Tây Hòa , tỉnh Đăk Lăk , băng qua các dòng nước chảy xiết , tiếp cận , hỗ trợ người dân tại các vị trí bị cô lập , ngập sâu . Mưa lớn kéo dài nhiều ngày qua gây thiệt hại nặng ở các tỉnh miền Trung . Tại Đăk Lăk và Gia Lai , nước sông Ba và sông Hà Thanh dâng nhanh , nhiều khu vực ngập sâu , có nhà bị lút nóc , người dân phải leo lên mái chờ cứu hộ . Tại Khánh Hòa , mưa lũ làm 10 người chết , 2 người mất tích , hàng nghìn nhà ngập . Giao thông nhiều nơi ở Tây Nguyên và miền Trung bị chia cắt do ngập khoảng một mét và sạt lở . Tối 19 / 11 , Công an xã Tây Hòa , tỉnh Đăk Lăk , băng qua các dòng nước chảy xiết , tiếp cận , hỗ trợ người dân tại các vị trí bị cô lập , ngập sâu . Mưa lớn kéo dài nhiều ngày qua gây thiệt hại nặng ở các tỉnh miền Trung . Tại Đăk Lăk và Gia Lai , nước sông Ba và sông Hà Thanh dâng nhanh , nhiều khu vực ngập sâu , có nhà bị lút nóc , người dân phải leo lên mái chờ cứu hộ . Tại Khánh Hòa , mưa lũ làm 10 người chết , 2 người mất tích , hàng nghìn nhà ngập . Giao thông nhiều nơi ở Tây Nguyên và miền Trung bị chia cắt do ngập khoảng một mét và sạt lở . Nước dâng ngập trong nhà , cứu hộ ở xã Tây Hòa phải đưa xuồng vào di chuyển người dân , nhất là nhà có trẻ em , người già . Nước dâng ngập trong nhà , cứu hộ ở xã Tây Hòa phải đưa xuồng vào di chuyển người dân , nhất là nhà có trẻ em , người già . Lực lượng chức năng tiếp cận cứu một cụ bà trong vùng cô lập tại phường Hòa Thắng , tỉnh Khánh Hòa . Đây là địa phương ngập kéo dài suốt mấy ngày qua . Lực lượng chức năng tiếp cận cứu một cụ bà trong vùng cô lập tại phường Hòa Thắng , tỉnh Khánh Hòa . Đây là địa phương ngập kéo dài suốt mấy ngày qua . Đường 23 / 10 , tuyến huyết mạch ở cửa ngõ phía Tây Nha Trang , chìm trong biển nước sáng nay . Hàng trăm người đã chèo thuyền thúng , cano để cứu hộ người dân bị ngập sâu . Đường 23 / 10 , tuyến huyết mạch ở cửa ngõ phía Tây Nha Trang , chìm trong biển nước sáng nay . Hàng trăm người đã chèo thuyền thúng , cano để cứu hộ người dân bị ngập sâu . Lực lượng chức năng dùng cano vận chuyển người lớn , trẻ nhỏ thoát khỏi vùng ngập ở phường Tây Nha Trang đến nơi an toàn . Sáng nay , nhiều nơi tại trung tâm Nha Trang vẫn mưa rất lớn . Nhiều tuyến đường ngập hơn một mét , gây khó khăn cho công tác cứu hộ . Lực lượng chức năng dùng cano vận chuyển người lớn , trẻ nhỏ thoát khỏi vùng ngập ở phường Tây Nha Trang đến nơi an toàn . Sáng nay , nhiều nơi tại trung tâm Nha Trang vẫn mưa rất lớn . Nhiều tuyến đường ngập hơn một mét , gây khó khăn cho công tác cứu hộ . Người dân được lực lượng chức năng cứu hộ , vận chuyển bằng xuồng cao su trên đường ở Nha Trang . Người dân được lực lượng chức năng cứu hộ , vận chuyển bằng xuồng cao su trên đường ở Nha Trang . Em nhỏ bật khóc được mẹ đưa ra khỏi vùng ngập ở phường Tây Nha Trang . Em nhỏ bật khóc được mẹ đưa ra khỏi vùng ngập ở phường Tây Nha Trang . Trời mưa lớn , nước lũ dâng cao , lực lượng cứu hộ phải dùng áo mưa mặc cho trẻ nhỏ khỏi nhiễm lạnh . Trời mưa lớn , nước lũ dâng cao , lực lượng cứu hộ phải dùng áo mưa mặc cho trẻ nhỏ khỏi nhiễm lạnh . Hoàng Thị Hậu , sinh viên ở dãy trọ phường Tây Nha Trang , vừa được giải cứu sáng nay , cho biết khu trọ vẫn còn 16 người bị kẹt , trong đó có 6 trẻ nhỏ . Hoàng Thị Hậu , sinh viên ở dãy trọ phường Tây Nha Trang , vừa được giải cứu sáng nay , cho biết khu trọ vẫn còn 16 người bị kẹt , trong đó có 6 trẻ nhỏ . Bộ Chỉ huy quân sự tỉnh Khánh Hoà huy động xuồng máy chở người dân tới nơi tránh trú an toàn . Bộ Chỉ huy quân sự tỉnh Khánh Hoà huy động xuồng máy chở người dân tới nơi tránh trú an toàn . Xuồng máy đưa lương thực tới tiếp tế cho khu dân cư Vĩnh Điềm Trung , phường Tây Nha Trang . Công an xã Ninh Phước ( Ninh Thuận cũ , nay là Khánh Hoà ) cứu hộ nhiều hộ dân ở các thôn Mỹ Nghiệp , Phước Lợi , Phú Nhuận . . . trong đêm 19 / 11 khi lũ sông Dinh dâng cao . Công an xã Ninh Phước ( Ninh Thuận cũ , nay là Khánh Hoà ) cứu hộ nhiều hộ dân ở các thôn Mỹ Nghiệp , Phước Lợi , Phú Nhuận . . . trong đêm 19 / 11 khi lũ sông Dinh dâng cao . Sáng nay , công an xã Vạn Ninh đưa người dân ở tổ dân phố 15 ra khỏi vùng ngập . Sáng nay , công an xã Vạn Ninh đưa người dân ở tổ dân phố 15 ra khỏi vùng ngập . Phạm Linh - Bùi Toàn .",2025-11-20 14:53:09,bf19ed75-8d09-451d-96fe-8046bab88010,"Đăk Lăk, Lũ lụt miền Trung, Nha Trang, Khánh Hòa"
https://vnexpress.net/lan-dau-trung-bay-19-bao-vat-quoc-gia-tai-da-nang-4966772.html,VnExpress,Thời sự,Nguyễn Đông,2025-11-20 00:00:00,Lần đầu trưng bày 19 bảo vật quốc gia tại Đà Nẵng,"Sau sáp nhập với Quảng Nam, Đà Nẵng mới có 19 bảo vật quốc gia và lần đầu tiên được giới thiệu đến công chúng, trong đó có hiện vật từng thất lạc.","Chiều 19 / 11 , Bảo tàng Điêu khắc Chăm ( số 2 đường 2 / 9 , phường Hải Châu ) trưng bày chuyên đề "" Bảo vật quốc gia - Di sản trong lòng Đà Nẵng "" . Sự kiện lần đầu tiêu giới thiệu đến công chúng 19 bảo vật quốc gia tại TP Đà Nẵng sau sáp nhập , nhằm kỷ niệm 20 năm Ngày Di sản Văn hóa Việt Nam ( 23 / 11 / 2025 ) . Trong số 19 bảo vật , tượng Bồ tát Tara , niên đại thế kỷ thứ 9 , chất liệu kim loại đồng , lần đầu tiên được trưng bày hiện vật gốc , kể từ sự kiện APEC 2017 . Chiều 19 / 11 , Bảo tàng Điêu khắc Chăm ( số 2 đường 2 / 9 , phường Hải Châu ) trưng bày chuyên đề "" Bảo vật quốc gia - Di sản trong lòng Đà Nẵng "" . Sự kiện lần đầu tiêu giới thiệu đến công chúng 19 bảo vật quốc gia tại TP Đà Nẵng sau sáp nhập , nhằm kỷ niệm 20 năm Ngày Di sản Văn hóa Việt Nam ( 23 / 11 / 2025 ) . Trong số 19 bảo vật , tượng Bồ tát Tara , niên đại thế kỷ thứ 9 , chất liệu kim loại đồng , lần đầu tiên được trưng bày hiện vật gốc , kể từ sự kiện APEC 2017 . Hiện vật gốc là hai vật cầm tay của tượng Bồ tát Tara từng bị thất lạc , vừa được hoàn nguyên , được giới thiệu đến công chúng . Hiện vật gốc đài thờ Đồng Dương , cao 197 cm , dài 396 cm , rộng 354 cm , niên đại thế kỷ thứ 9 , được công nhận bảo vật quốc gia năm 2018 . Hiện vật gốc đài thờ Đồng Dương , cao 197 cm , dài 396 cm , rộng 354 cm , niên đại thế kỷ thứ 9 , được công nhận bảo vật quốc gia năm 2018 . Tượng rồng Tháp Mẫn , niên đại thế kỷ 13 , chất liệu sa thạch , cao 158 cm , dài 158 cm , rộng 61cm , là một trong số ít bảo vật còn gần như nguyên vẹn . Tượng rồng Tháp Mẫn , niên đại thế kỷ 13 , chất liệu sa thạch , cao 158 cm , dài 158 cm , rộng 61cm , là một trong số ít bảo vật còn gần như nguyên vẹn . Đài thờ Mỹ Sơn E1 , cao 65 cm , dài 353 cm , rộng 271 cm , niên đại thế kỷ 7 - 8 , được công nhận là bảo vật quốc gia từ năm 2012 . Đài thờ Mỹ Sơn E1 , cao 65 cm , dài 353 cm , rộng 271 cm , niên đại thế kỷ 7 - 8 , được công nhận là bảo vật quốc gia từ năm 2012 . Phù điêu Shiva múa Phong Lệ , được khai quật chính tại làng Phong Lệ , Cẩm Lệ , TP Đà Nẵng . Tượng cao 98 cm , rộng 141 cm , dày 15cm , niên đại khoảng thế kỷ 10 . Đây là một trong bốn bảo vật quốc gia của Đà Nẵng mới được công nhận tháng 12 / 2024 , cùng với các bảo vật phù điêu Uma Chánh Lộ , tượng rồng Tháp Mẫn và tượng Gajasimha . Phù điêu Shiva múa Phong Lệ , được khai quật chính tại làng Phong Lệ , Cẩm Lệ , TP Đà Nẵng . Tượng cao 98 cm , rộng 141 cm , dày 15cm , niên đại khoảng thế kỷ 10 . Đây là một trong bốn bảo vật quốc gia của Đà Nẵng mới được công nhận tháng 12 / 2024 , cùng với các bảo vật phù điêu Uma Chánh Lộ , tượng rồng Tháp Mẫn và tượng Gajasimha . Hiện vật gốc trống đồng Đông Sơn của nhà sưu tập tư nhân Lương Hoàng Long ( phường Hội An , TP Đà Nẵng ) . Trống đồng có niên đại thế kỷ 3 - 2 trước Công Nguyên , chất liệu chính bằng đồng , cao 35, 5 cm , đường kính mặt 49, 5 cm , đường kính chân 56 cm , trọng lượng 18 kg , được công nhận bảo vật quốc gia năm 2024 . Nhà sưu tập tư nhân Lương Hoàng Long cũng mang đến thạp đồng Đông Sơn , niên đại thế kỷ 3 - 1 trước Công Nguyên , kích thước cao 58 cm , đường kính miệng 39 cm , đường kính chân đến 35, 5 cm , trọng lượng 13, 6 kg . Bà Lê Thị Thu Trang , Giám đốc Bảo tàng Điêu khắc Chăm , đánh giá sự kết hợp của một số bộ sưu tập tư nhân tại trưng bày lần này đã giúp người xem có cái nhìn đầy đủ hơn về bảo vật Đà Nẵng , cho thấy sự phong phú , đa dạng của nguồn tư liệu hiện có . Nhà sưu tập tư nhân Lương Hoàng Long cũng mang đến thạp đồng Đông Sơn , niên đại thế kỷ 3 - 1 trước Công Nguyên , kích thước cao 58 cm , đường kính miệng 39 cm , đường kính chân đến 35, 5 cm , trọng lượng 13, 6 kg . Bà Lê Thị Thu Trang , Giám đốc Bảo tàng Điêu khắc Chăm , đánh giá sự kết hợp của một số bộ sưu tập tư nhân tại trưng bày lần này đã giúp người xem có cái nhìn đầy đủ hơn về bảo vật Đà Nẵng , cho thấy sự phong phú , đa dạng của nguồn tư liệu hiện có . Phiên bản đầu tượng thần Siva , đầu thế kỷ 10 , cao 24 cm , rộng 11, 7 cm , dày 1 mm , chất liệu hợp kim vàng , được công nhận bảo vật năm 2015 . Hiện vật gốc đang được lưu giữ tại Bảo tàng Đà Nẵng , sau khi được chuyển từ Bảo tàng Quảng Nam ( cũ ) về . Phiên bản đầu tượng thần Siva , đầu thế kỷ 10 , cao 24 cm , rộng 11, 7 cm , dày 1 mm , chất liệu hợp kim vàng , được công nhận bảo vật năm 2015 . Hiện vật gốc đang được lưu giữ tại Bảo tàng Đà Nẵng , sau khi được chuyển từ Bảo tàng Quảng Nam ( cũ ) về . Với những bảo vật không trưng bày hiện vật gốc , Bảo tàng Chăm đã phóng nhiều hình .",2025-11-20 14:53:25,bf19ed75-8d09-451d-96fe-8046bab88010,"Đà Nẵng, Bảo vật quốc gia, Bảo vật quốc gia tại Đà Nẵng"
https://vnexpress.net/can-hon-208-000-ty-dong-lam-sach-dat-o-nhiem-bom-min-4965957.html,VnExpress,Thời sự,Hồng Chiêu,2025-11-20 00:00:00,Cần hơn 208.000 tỷ đồng làm sạch đất ô nhiễm bom mìn,"Để làm sạch 5,56 triệu ha đất bị nhiễm bom mìn vật nổ cần hơn 208.000 tỷ đồng với quá trình kéo dài vài chục đến hàng trăm năm, theo Bộ Quốc phòng.","Trong báo cáo đánh giá tác động chính sách dự án Pháp lệnh khắc phục hậu quả bom mìn vật nổ sau chiến tranh , Bộ Quốc phòng thống kê tới tháng 9 / 2025 , cả nước còn 5, 56 triệu ha đất bị ô nhiễm bom mìn vật nổ , chiếm gần 17 % diện tích . Ngoài hoạt động khảo sát , rà phá của cơ quan chức năng , người dân cả nước liên tục phát hiện bom mìn vật nổ sát thương cao , như M117 , MK81 , MK83 , MK83 , bom bi , đạn pháo , đạn cối . . . trong sản xuất và xây dựng , chủ yếu ở các tỉnh miền Trung , Tây Nguyên , Hà Nội và TP HCM.",2025-11-20 14:53:36,bf19ed75-8d09-451d-96fe-8046bab88010,"rà phá bom mìn, bom mìn vật nổ sau chiến tranh, Pháp lệnh khắc phục hậu quả bom mìn sau chiến tranh"
https://vnexpress.net/pha-tuong-cuu-be-gai-o-da-lat-bi-vui-lap-do-sat-lo-4966931.html,VnExpress,Thời sự,Lê Tiến - Trường Hà,2025-11-19 21:04:00,Phá tường cứu bé gái ở Đà Lạt bị vùi lấp do sạt lở,"Bé gái 8 tuổi ở hẻm 108 Hùng Vương, phường Xuân Trường - Đà Lạt bị khối đất đá từ taluy dương sạt xuống vùi lấp, được cảnh sát giải cứu sau hơn 30 phút, tối 19/11.","Khoảng 18h30 , bé gái đi ra phía sau nhà gần khu vệ sinh thì đất đá phía sau đổ ập xuống . Lúc này trong nhà có bốn người khác đang ở phía trước nên kịp chạy thoát . Phòng C.",2025-11-20 14:53:46,bf19ed75-8d09-451d-96fe-8046bab88010,"Lâm Đồng, bé gái 8 tuổi, Sạt lở, Đà Lạt, sạt lở đường Hùng Vương"
https://vnexpress.net/tom-hum-phu-yen-chet-hang-loat-4966774.html,VnExpress,Thời sự,Trường Hà,2025-11-19 21:02:00,Tôm hùm chết hàng loạt do lũ,"Tôm hùm nuôi trên các lồng bè ở vịnh Xuân Đài, Phú Yên cũ bị sốc nước chết hàng loạt, người dân bán rẻ một nửa giá thị trường vẫn khó tiêu thụ.","Gia đình chị Nguyễn Thanh Hằng , phường Xuân Đài , đang có 70 lồng tôm đến kỳ thu hoạch , nhưng từ sáng 19 / 11 tôm liên tục chết do nước trong vịnh ngọt đột ngột sau mưa lớn . Người thân phải lặn vớt hơn 2 tấn đưa vào bờ bán gấp . "" Ngày thường tôm loại một giá 950. 000 đồng một kg , giờ chưa bằng một nửa "" , chị Hằng nói . Điện bị cúp khiến thương lái không thể mua số lượng lớn do thiếu đá bảo quản . Người dân vớt tôm hùm chết chuyển vào bờ bán , chiều 19 / 11 .",2025-11-20 14:53:52,bf19ed75-8d09-451d-96fe-8046bab88010,"Phú Yên, vịnh Xuân Đài, Đăk Lăk, Lũ lụt miền Trung, tôm hùm chết"
https://vnexpress.net/hoc-sinh-tu-tin-hon-khi-co-nha-ve-sinh-moi-4963691.html,VnExpress,Thời sự,Duy Phong,2025-11-14 10:00:00,Học sinh 'tự tin hơn' khi có nhà vệ sinh mới,"Từ tâm lý e ngại, học sinh trở nên tự tin khi đi vệ sinh ở trường sau khi được Quỹ Hy vọng và Opella tài trợ xây công trình mới đạt chuẩn.",Học sinh ' tự tin hơn ' khi có nhà vệ sinh mới Với mong muốn trẻ em ở vùng khó khăn có điều kiện đảm bảo sức khỏe để học tập .,2025-11-20 14:54:03,bf19ed75-8d09-451d-96fe-8046bab88010,"Quảng Trị, Vệ sinh học đường, Quỹ Hy vọng, Opella Việt Nam"
https://vnexpress.net/nguy-co-un-u-rac-o-tp-hcm-khi-bai-da-phuoc-chi-nhan-ban-dem-4965862.html,VnExpress,Thời sự,Giang Anh,2025-11-20 00:00:00,Nguy cơ ùn ứ rác ở TP HCM khi bãi Đa Phước chỉ nhận ban đêm,"Hàng trăm tấn rác sinh hoạt tại TP HCM có thể bị tồn đọng từ 1/12 khi Khu liên hợp xử lý chất thải rắn Đa Phước chỉ nhận rác vào ban đêm, thay vì cả ngày như hiện nay.","Trong công văn gửi UBND TP HCM , Sở Nông nghiệp và Môi trường cho biết bãi Đa Phước ( xã Hưng Long , Bình Chánh cũ ) sẽ chỉ nhận rác từ 18h đến 6h hôm sau . Đây là nơi tiếp nhận rác của 14 quận , huyện cũ , với sản lượng bình quân khoảng 4. 550 tấn / ngày , tương đương 443 chuyến xe . Hiện lượng rác được vận chuyển theo hai ca : ban ngày 1. 800 tấn , ban đêm 2. 750 tấn . Khi Đa Phước dừng tiếp nhận ban ngày , toàn bộ lượng rác ca sáng buộc phải dồn sang buổi tối . Trong khi đó , xe rác chịu nhiều hạn chế giờ lưu thông , dẫn đến nguy cơ không thể quay đầu kịp , buộc phải chuyển hướng về Khu xử lý rác Tây Bắc ( Củ Chi cũ ) . Việc này làm quãng đường vận chuyển tăng thêm 22 - 47 km mỗi chuyến , gây áp lực lớn cho cả doanh nghiệp vận tải rác lẫn các tuyến đường . Vận chuyển rác về khu xử lý Đa Phước , huyện Bình Chánh ( cũ ) .",2025-11-20 14:54:26,bf19ed75-8d09-451d-96fe-8046bab88010,"rác thải, bãi Đa Phước, ùn ứ rác TP HCM"
https://vnexpress.net/khoi-cong-hai-goi-thau-lon-nhat-du-an-cai-tao-rach-xuyen-tam-4965252.html,VnExpress,Thời sự,Giang Anh,2025-11-18 11:00:00,Khởi công hai gói thầu lớn nhất dự án cải tạo rạch Xuyên Tâm,"Hai gói xây lắp số 1 và số 2 tổng trị giá gần 2.400 tỷ đồng thuộc dự án cải tạo rạch Xuyên Tâm khởi công sáng 18/11 giúp chỉnh trang đô thị, môi trường khu trung tâm.","Đây là hai trong số ba gói thầu xây lắp chính của dự án nạo vét , cải tạo môi trường và xây dựng hạ tầng rạch Xuyên Tâm - tuyến đi qua quận Bình Thạnh và Gò Vấp ( cũ ) , hiện là các phường Bình Lợi Trung , Bình Thạnh , Gia Định và An Nhơn . Trước đó , gói xây lắp số 3 đãkhởi cônghồi tháng 5 . Rạch Xuyên Tâm đoạn qua quận Bình Thạnh nhìn từ trên cao , ngày 18 / 11 .",2025-11-20 14:54:34,bf19ed75-8d09-451d-96fe-8046bab88010,"TP HCM, nhà ven kênh, rạch xuyên tâm, cải tạo rạch"
https://vnexpress.net/nguoi-hue-dua-oto-xe-may-di-tranh-lu-4965070.html,VnExpress,Thời sự,Võ Thạnh,2025-11-17 19:00:00,"Người Huế đưa ôtô, xe máy đi tránh lũ","Mực nước các sông dâng cao, nguy cơ gây ngập diện rộng, người dân ở trung tâm TP Huế đưa ôtô, xe máy lên chân cầu, tuyến đường cao ráo tránh lũ, ngày 17/11.","Ngày 17 / 11 , lũ từ thượng nguồn sông Hương đổ về tràn qua Đập Đá . Nhiều tuyến đường ven sông Như Ý , An Cựu , Đông Ba bị ngập 0, 5 m . Công viên Hành chính công ở đường Tố Hữu cao ráo nên nhiều cư dân các khu chung cư Aranya , Xuân Phú , Vicoland , phường Vỹ Dạ , đưa ôtô lên đậu tránh lũ . Ngày 17 / 11 , lũ từ thượng nguồn sông Hương đổ về tràn qua Đập Đá . Nhiều tuyến đường ven sông Như Ý , An Cựu , Đông Ba bị ngập 0, 5 m . Công viên Hành chính công ở đường Tố Hữu cao ráo nên nhiều cư dân các khu chung cư Aranya , Xuân Phú , Vicoland , phường Vỹ Dạ , đưa ôtô lên đậu tránh lũ . Với địa thế cao , tuyến đường Điện Biên Phủ ở phường Thuận Hóa có hàng trăm ôtô đậu kín hai bên đường . Với địa thế cao , tuyến đường Điện Biên Phủ ở phường Thuận Hóa có hàng trăm ôtô đậu kín hai bên đường . Đường Võ Nguyên Giáp đi qua phường Thanh Thủy ôtô nối hàng dài một bên đường . Đợt lũ ngày 26 / 10 đến 3 / 11 , hàng nghìn ôtô , xe máy của người dân bị ngập , hư hỏng khi lũ sông Hương vượt báo động ba cả mét , 32 / 40 xã phường của TP Huế ngập 1 - 3 m . Đường Võ Nguyên Giáp đi qua phường Thanh Thủy ôtô nối hàng dài một bên đường . Đợt lũ ngày 26 / 10 đến 3 / 11 , hàng nghìn ôtô , xe máy của người dân bị ngập , hư hỏng khi lũ sông Hương vượt báo động ba cả mét , 32 / 40 xã phường của TP Huế ngập 1 - 3 m . Trong kinh thành Huế , nước lũ chưa tràn vào , song nhiều người dân sống ở đây đã đưa ôtô lên khu vực Eo Bầu tránh lũ . Đợt lũ trước , nhiều người thoát khỏi c .",2025-11-20 14:54:41,bf19ed75-8d09-451d-96fe-8046bab88010,"ôtô, xe máy, người dân, Thành phố Huế"
https://vnexpress.net/mua-lu-nhan-chim-quy-nhon-nha-trang-4965707.html,VnExpress,Thời sự,Nha Trang,2025-11-19 09:05:00,"Mưa lũ nhấn chìm Quy Nhơn, Nha Trang","Mưa lớn cùng nước lũ trên các sông dâng cao khiến nhiều nơi ở Quy Nhơn, Nha Trang tiếp tục ngập sâu suốt đêm đến sáng 19/11.","Sáng 19 / 11 , mưa lớn , nước sông Hà Thanh dâng cao khiến Quy Nhơn ( Gia Lai ) ngập sâu , nhiều người dân phải leo lên các nóc nhà kêu cứu . Phần lớn phường , xã ngập 1 - 3 m , riêng phường Quy Nhơn ở trung tâm nhẹ hơn nhưng cũng lút bánh xe . Sáng 19 / 11 , mưa lớn , nước sông Hà Thanh dâng cao khiến Quy Nhơn ( Gia Lai ) ngập sâu , nhiều người dân phải leo lên các nóc nhà kêu cứu . Phần lớn phường , xã ngập 1 - 3 m , riêng phường Quy Nhơn ở trung tâm nhẹ hơn nhưng cũng lút bánh xe . Nước dâng lên bờ sông , bủa vây các cửa ngõ của Quy Nhơn . Các tuyến đường bị ngập khiến tài xế xe tải không định hình được tuyến . Hiện Gia Lai tiếp tục có mưa to , nguy cơ lũ dâng gây ngập diện rộng . Nước dâng lên bờ sông , bủa vây các cửa ngõ của Quy Nhơn . Các tuyến đường bị ngập khiến tài xế xe tải không định hình được tuyến . Hiện Gia Lai tiếp tục có mưa to , nguy cơ lũ dâng gây ngập diện rộng . Ở phường Quy Nhơn Bắc , nước ngập gần lút nóc nhà , khiến người dân mất ngủ trong đêm . "" Càng về sáng nước càng lớn , gia đình tôi đã đưa trẻ nhỏ đi di tản từ hôm qua , bà Phương Thanh nói , cho biết hiện ba người lớn ở trên gác lửng , mong được các lực lượng đưa ra khỏi khu ngập . Ở phường Quy Nhơn Bắc , nước ngập gần lút nóc nhà , khiến người dân mất ngủ trong đêm . "" Càng về sáng nước càng lớn , gia đình tôi đã đưa trẻ nhỏ đi di tản từ hôm qua , bà Phương Thanh nói , cho biết hiện ba người lớn ở trên gác lửng , mong được các lực lượng đưa ra khỏi khu ngập . Lúc 4h hôm nay , nhà của chị Bảo Vy , gần trường Nguyễn Khuyến bị ngập quá nửa . Nước gần tới nóc nhà , buộc chủ nhà lên các hội nhóm nhờ đội cứu hộ . Lúc 4h hôm nay , nhà của chị Bảo Vy , gần trường Nguyễn Khuyến bị ngập quá nửa . Nước gần tới nóc nhà , buộc chủ nhà lên các hội nhóm nhờ đội cứu hộ . Anh Lâm Tuệ , nhà gần cây xăng Hiệp Hòa , Nhơn Bình cũ , cho biết nhà anh có mẹ già và hai con nhỏ , nước lên khiến giường chiếu , bàn ghế tầng một đều ngập trong lũ . Gia đình anh đã chuyển một số đồ điện tử lên gác lửng . Hiện cả nhà ngồi ở gác lửng và cầu thang chờ lực lượng cứu hộ tới . Anh Lâm Tuệ , nhà gần cây xăng Hiệp Hòa , Nhơn Bình cũ , cho biết nhà anh có mẹ già và hai con nhỏ , nước lên khiến giường chiếu , bàn ghế tầng một đều ngập trong lũ . Gia đình anh đã chuyển một số đồ điện tử lên gác lửng . Hiện cả nhà ngồi ở gác lửng và cầu thang chờ lực lượng cứu hộ tới . Ở chung cư Ecohome Nhơn Bình , phường Quy Nhơn Đông , nước chảy vào tầng hầm ào ạt , khiến nhiều xe máy bị ngã trong hầm . Một số ô tô kịp đưa lên cao để tránh lụt . Chủ tịch UBND tỉnh Gia Lai Phạm Anh Tuấn đã chỉ đạo các lực lượng điều động xuồng , cano đưa người dân ra khỏi các khu vực nguy hiểm . Đội SOS Bình Định và các nhóm cứu hộ độc lập cũng đang cho xuồng vào các nhà ngập sâu để tiếp cận người dân . Ở chung cư Ecohome Nhơn Bình , phường Quy Nhơn Đông , nước chảy vào tầng hầm ào ạt , khiến nhiều xe máy bị ngã trong hầm . Một số ô tô kịp đưa lên cao để tránh lụt . Chủ tịch UBND tỉnh Gia Lai Phạm Anh Tuấn đã chỉ đạo các lực lượng điều động xuồng , cano đưa người dân ra khỏi các khu vực nguy hiểm . Đội SOS Bình Định và các nhóm cứu hộ độc lập cũng đang cho xuồng vào các nhà ngập sâu để tiếp cận người dân .",2025-11-20 14:54:48,bf19ed75-8d09-451d-96fe-8046bab88010,"mưa lũ, ngập lụt, Nha Trang, Khánh Hòa"
https://vnexpress.net/hang-loat-oto-bi-lu-nhan-chim-o-nha-trang-4967722.html,VnExpress,Thời sự,Bùi Toàn - Nga Ngô,2025-11-20 08:01:00,Hàng loạt ôtô bị lũ nhấn chìm ở Nha Trang,"Mưa lớn cùng nước lũ dâng cao khiến hàng trăm ôtô mắc kẹt trên các tuyến đường trung tâm Nha Trang, nhiều người chờ cứu hộ xe, sáng 20/11.","Hàng trăm ôtô chết máy do nước lũ dâng cao gần một mét tại khu vực siêu thị Go ! - khu đô thị Vĩnh Điềm Trung , phường Tây Nha Trang , sáng 20 / 11 . Hàng trăm ôtô chết máy do nước lũ dâng cao gần một mét tại khu vực siêu thị Go ! - khu đô thị Vĩnh Điềm Trung , phường Tây Nha Trang , sáng 20 / 11 . Nhiều ôtô nổi lềnh bềnh quanh khuôn viên khu đô thị Vĩnh Điềm Trung . Nhiều ôtô nổi lềnh bềnh quanh khuôn viên khu đô thị Vĩnh Điềm Trung . Xe tải chết máy nằm dọc đường 19 / 5 gần siêu thị Go ! , phường Tây Nha Trang . Xe tải chết máy nằm dọc đường 19 / 5 gần siêu thị Go ! , phường Tây Nha Trang . Bên trong khu vực đậu xe của siêu thị , nước lũ dâng cao nửa xe . Bên trong khu vực đậu xe của siêu thị , nước lũ dâng cao nửa xe . Kế bên khu đô thị Vĩnh Điềm Trung là đường 23 / 10 , tuyến huyết mạch và là cửa ngõ phía Tây Nha Trang hiện ngập lút nóc ôtô . Nước lũ bủa vây xe phục vụ tang lễ trên đường 23 / 10 . Nước lũ bủa vây xe phục vụ tang lễ trên đường 23 / 10 . Nước lũ tràn vào showroom ôtô trên đường 23 / 10 gần một mét . Nhiều cửa hàng dọc tuyến đường này phải đóng cửa ba ngày nay . Nước lũ tràn vào showroom ôtô trên đường 23 / 10 gần một mét . Nhiều cửa hàng dọc tuyến đường này phải đóng cửa ba ngày nay . Một số ôtô bị nước cuốn trôi dưới nút giao Ngọc Hội , phường Nam Nha Trang . Một số ôtô bị nước cuốn trôi dưới nút giao Ngọc Hội , phường Nam Nha Trang . Nhiều ôtô mắc kẹt trong nước lũ tại nút giao Ngọc Hội , phía trên nút giao này có hàng trăm ôtô đậu để tránh ngập . Người dân đứng chờ cứu trợ , cứu hộ tại nút giao Ngọc Hội . Mưa lớn kéo dài nhiều ngày qua gây thiệt hại nặng ở các tỉnh miền Trung . Tại Đăk Lăk và Gia Lai , nước sông Ba và sông Hà Thanh dâng nhanh , nhiều khu vực ngập sâu , có nhà bị lút nóc , người dân phải leo lên mái chờ cứu hộ . Tại Khánh Hòa , mưa lũ làm 10 người chết , 2 người mất tích , hàng nghìn nhà ngập và hơn 11. 600 gia súc , gia cầm bị cuốn trôi . Riêng đập Hồ Nước Ngọt thiệt hại khoảng 120 tỷ đồng . Giao thông nhiều nơi ở Tây Nguyên và miền Trung bị chia cắt do ngập khoảng một mét và sạt lở . Người dân đứng chờ cứu trợ , cứu hộ tại nút giao Ngọc Hội . Mưa lớn kéo dài nhiều ngày qua gây thiệt hại nặng ở các tỉnh miền Trung . Tại Đăk Lăk và Gia Lai , nước sông Ba và sông Hà Thanh dâng nhanh , nhiều khu vực ngập sâu , có nhà bị lút nóc , người dân phải leo lên mái chờ cứu hộ . Tại Khánh Hòa , mưa lũ làm 10 người chết , 2 người mất tích , hàng nghìn nhà ngập và hơn 11. 600 gia súc , gia cầm bị cuốn trôi . Riêng đập Hồ Nước Ngọt thiệt hại khoảng 120 tỷ đồng . Giao thông nhiều nơi ở Tây Nguyên và miền Trung bị chia cắt do ngập khoảng một mét và sạt lở . Bùi Toàn - Nga Ngô Mưa lũ nhấn chìm Quy Nhơn , Nha Trang Mưa lớn cùng nước lũ trên các sông dâng cao khiến nhiều nơi ở Quy Nhơn , Nha Trang tiếp tục ngập sâu suốt đêm đến sáng 19 / 11. 90 Người dân Gia Lai , Đăk Lăk leo nóc nhà chờ cứu hộ Hàng chục nghìn ngôi nhà phía đông Gia Lai , Đăk Lăk bị ngập sâu , nhiều người dân leo lên mái tránh lũ , chờ cứu hộ và tiếp tế lương thực . 48Nước lũ ngập tới nóc nhà dân Gia Lai , Đăk Lăk Nước dâng nhanh trong đợt lũ ở Nam Trung Bộ khiến nhiều gia đình phải trèo lên mái nhà chờ cứu hộ đưa đến nơi an toàn . 1 .",2025-11-20 14:54:55,bf19ed75-8d09-451d-96fe-8046bab88010,"Khánh Hòa, Lũ lụt miền Trung"
https://vnexpress.net/sat-lo-deo-mimosa-da-lat-4967550.html,VnExpress,Thời sự,Trường Hà,2025-11-20 01:02:00,"Đèo Mimosa nứt toác, suýt cuốn ôtô khách xuống vực","Mặt đường đoạn cuối đèo Mimosa bị sạt lở, toàn bộ nền đường trôi xuống vực taluy âm tạo thành hố lớn, khiến một ôtô khách suýt rơi theo, khuya 19/11.","Khoảng 23h , xe khách của Công ty Phương Trang chạy qua khu vực đèo Mimosa thuộc phường Xuân Hương - Đà Lạt thì bánh trước sụp xuống mép hố , nằm chênh vênh ngay sát vực . Ôtô khách nằm mấp mé hố sâu sau sạt lở đèo .",2025-11-20 14:55:03,bf19ed75-8d09-451d-96fe-8046bab88010,"Lâm Đồng, xe Phương Trang, Sạt lở, sạt lở đèo Mimosa, giao thông Đà Lạt"
https://vnexpress.net/dinh-nui-cao-o-lao-cai-lai-chau-xuat-hien-bang-gia-4966007.html,VnExpress,Thời sự,Gia Chính,2025-11-19 19:05:00,"Đỉnh núi cao ở Lào Cai, Lai Châu xuất hiện băng giá","Nhiệt độ xuống dưới 0 độ C, đỉnh Phu Sa Phìn ở Lào Cai, đỉnh Ngũ Chỉ Sơn ở Lai Châu xuất hiện băng giá dày, duy trì từ sáng đến chiều.","Đỉnh Phu Sa Phìn nằm trong dãy Tà Xùa , xã Hạnh Phúc , cao 2. 868 m . Từ 8h ngày 19 / 11 , dẫn đoàn khách leo núi , anh Phang A Chia đã phát hiện băng bám trên cành cây , ngọn cỏ từ độ cao 2. 600 m . Càng lên cao , băng dày hơn , trắng xóa khoảng một km vạt núi . Đây là lần đầu tiên trong mùa đông 2025 - 2026 miền Bắc xuất hiện băng giá , sớm hơn so với mọi năm khoảng nửa tháng . Băng giá trên đỉnh Phu Sa Phìn ở Lào Cai , sáng 19 / 11 .",2025-11-20 14:55:28,bf19ed75-8d09-451d-96fe-8046bab88010,"Không khí lạnh miền Bắc, băng giá, rét"
https://vnexpress.net/tim-thay-thi-the-dau-tien-trong-vu-sat-lo-o-da-nang-4966360.html,VnExpress,Thời sự,Nguyễn Đông,2025-11-19 19:01:00,Tìm thấy thi thể đầu tiên trong vụ sạt lở ở Đà Nẵng,"Thi thể ông Hốih Zi Nút, một trong ba người mất tích sau vụ sạt lở ở xã Hùng Sơn, được phát hiện dưới lớp đất đá sau 5 ngày tìm kiếm.","Khoảng 15h20 ngày 19 / 11 , lực lượng tìm kiếm Quân khu 5 phát hiện thi thể cách điểm sạt lở khoảng một km , dưới suối gần khu vực người dân làm rẫy . Do thi thể đã phân hủy , lực lượng chức năng khâm liệm và chôn cất ngay chiều cùng ngày . Hiện trường tìm kiếm ba nạn nhân trong vụ sạt lở ở Hùng Sơn .",2025-11-20 14:55:33,bf19ed75-8d09-451d-96fe-8046bab88010,"Đà Nẵng, Sạt lở"
https://vnexpress.net/thuy-dien-song-ba-ha-xa-16-100-m3-s-lon-nhat-tu-truoc-den-nay-4966017.html,VnExpress,Thời sự,Lê Tuyết - Bùi Toàn,2025-11-19 18:04:00,"Thủy điện Sông Ba Hạ xả 16.100 m3/s, lớn nhất từ trước đến nay","Do mưa lớn kéo dài khiến lưu lượng nước đổ về tăng nhanh, hồ thủy điện Sông Ba Hạ mở 12 cửa xả tràn, tổng lượng xả 16.100 m3/s - mức cao nhất từ trước đến nay.","Chiều 19 / 11 , EVN cho biết đến 10h sáng nay , nước về vượt 11. 000 m3 / s và tiếp tục tăng mạnh , đạt 16. 120 m3 / s lúc 16h . 17h hôm nay , lũ sông Ba tại trạm Củng Sơn ( Phú Yên cũ ) lên 40, 31 m , trên báo động 3 là 5, 81 m và vượt mức lịch sử năm 1993 là 0, 41 m . Đến 18h , lượng nước về lên 16. 160 m3 / s , buộc hồ phải duy trì mở 12 cửa xả . Hồ Sông Ba Hạ dung tích hơn 350 triệu m3 , nằm trên lưu vực sông Ba , hạ du gồm các huyện Sơn Hòa , Sông Hinh , Phú Hòa và TP Tuy Hòa của Phú Yên ( cũ ) nay thuộc Đăk Lăk . Đơn vị vận hành cho biết việc xả lũ tuân thủ quy trình vận hành liên hồ , nằm trong giới hạn kỹ thuật và được giám sát 24 / 24 . Thông tin xả lũ đã được cập nhật cho cơ quan quản lý và chính quyền địa phương để c .",2025-11-20 14:55:42,bf19ed75-8d09-451d-96fe-8046bab88010,"bão lũ, xả lũ, Đăk Lăk, Sông Ba Hạ, hồ thuỷ điện Sông Ba Hạ"
https://vnexpress.net/tai-xe-ket-trong-sat-deo-khanh-le-nhieu-tang-da-co-the-roi-bat-cu-luc-nao-4965939.html,VnExpress,Thời sự,Trường Hà,2025-11-19 18:02:00,Tài xế kẹt trong sạt đèo Khánh Lê: 'Nhiều tảng đá có thể rơi bất cứ lúc nào',"Bám đuôi ôtô khách gặp nạn trên đèo Khánh Lê, anh Phạm Bá Luân là một trong tài xế đầu tiên lao vào cứu người, sau đó mắc kẹt hơn hai ngày do sạt lở.",""" Giờ nghĩ lại mới thấy sợ , lúc cứu người , nhiều tảng đá chênh vênh trên núi có thể rơi bất cứ lúc nào "" , anh Luân , 29 tuổi , kể về kho .",2025-11-20 14:55:47,bf19ed75-8d09-451d-96fe-8046bab88010,"Khánh Hòa, Lâm Đồng, đèo Khánh Lê, tài xế mắc kẹt, cứu hộ, Sạt lở"
https://vnexpress.net/tai-nan-o-lam-dong-4966009.html,VnExpress,Thời sự,Hoài Thanh,2025-11-19 18:02:00,"Container lật đè bẹp ôtô, ba người trọng thương","Va chạm trên quốc lộ 28 khiến container lật nghiêng đè bẹp ôtô 5 chỗ, làm ba người bị thương nặng, chiều 19/11.","Khoảng 16h , container chở dăm gỗ biển số Lâm Đồng chạy trên quốc lộ 28 hướng từ Gia Nghĩa ( Đăk Nông cũ ) về Bảo Lâm ( Lâm Đồng cũ ) . Khi đến gần UBND xã Bảo Lâm 5 , xe va chạm với ôtô 5 chỗ chạy chiều ngược lại . Hiện trường tai nạn .",2025-11-20 14:55:52,bf19ed75-8d09-451d-96fe-8046bab88010,"Lâm Đồng, Tai nạn giao thông, lật xe, Xe Container, quốc lộ 28"
https://vnexpress.net/sat-lo-deo-mimosa-da-lat-4965999.html,VnExpress,Thời sự,Lâm Đồng,2025-11-19 18:01:00,"Sạt lở, cây đổ chắn ngang đèo Mimosa cửa ngõ Đà Lạt","Đèo Mimosa tiếp tục xuất hiện điểm sạt lở, cây lớn ngã trúng ôtô 5 chỗ, chắn ngang mặt đường, chiều 19/11.","Khoảng 16h , bờ taluy dương đèo Mimosa trên quốc lộ 20 qua phường Xuân Hương - Đà Lạt bị sạt lở , đất đá tràn xuống đường . Một cây lớn đường kính hơn 40 cm , cao 10 m cũng bị kéo đổ . Lúc này ôtô 5 chỗ đang lưu thông bị cành cây rơi trúng , gây hư hỏng nhẹ . Những người trên ôtô không bị thương . Vị trí xảy ra sự cố cáchđiểm sạt lởhôm qua khoảng 500 m về hướng trung tâm Đà Lạt . Sự cố xảy ra vào giờ cao điểm khiến giao thông qua khu vực ùn ứ . Cơ quan chức năng đang tiến hành cưa cây di dời và giải phóng đất đá hiện trường sạt lở . Ôtô bị cây trên đèo Mimosa đổ trúng .",2025-11-20 14:55:58,bf19ed75-8d09-451d-96fe-8046bab88010,"đèo Mimosa, quốc lộ 20, Sạt lở, Đà Lạt"
https://vnexpress.net/lai-chau-co-tan-chu-tich-tinh-4965882.html,VnExpress,Thời sự,Vũ Tuân,2025-11-19 15:03:00,Lai Châu có tân chủ tịch tỉnh,"Ông Hà Quang Trung, Phó bí thư Tỉnh ủy Lai Châu, được HĐND tỉnh bầu giữ chức Chủ tịch UBND tỉnh nhiệm kỳ 2021-2026, với 39 trong số 40 đại biểu có mặt tán thành.","Sáng 19 / 11 , ông Trung được bầu thay ông Lê Văn Lương đã được Ban Bí thư điều động giữ chức Phó bí thư Tỉnh ủy Điện Biên ba ngày trước . Phát biểu nhận nhiệm vụ , ông khẳng định sẽ sâu sát cơ sở , lắng nghe người dân , tập trung xây dựng Lai Châu phát triển nhanh , xanh và bền vững . Ông Hà Quang Trung phát biểu sáng 19 / 11 .",2025-11-20 14:56:03,bf19ed75-8d09-451d-96fe-8046bab88010,"Lai Châu, chủ tịch tỉnh, Hà Quang Trung"
https://vnexpress.net/lo-nui-vui-lap-nha-o-quy-nhon-mot-phu-nu-tu-vong-4965877.html,VnExpress,Thời sự,Đăk Lăk,2025-11-19 15:00:00,"Lở núi vùi lấp nhà ở Quy Nhơn, một phụ nữ tử vong","Mưa lớn gây sạt lở núi tại làng chài Hải Minh (TP Quy Nhơn cũ) sáng 19/11, vùi lấp căn nhà của hai vợ chồng 58 tuổi, khiến người vợ tử vong.","Khoảng 4h , mưa lớn kéo dài làm một phần sườn núi phía bắc bãi biển Vầng Trăng Khuyết , gần cửa đầm Thị Nại , bị trượt xuống , cuốn theo đất đá và nước ồ ạt đổ vào khu dân cư . Bà Đặng Thị Chim ( 58 tuổi ) và chồng bị mắc kẹt trong căn nhà nằm ngay chân núi . Ông Nguyễn Đức Toàn , Chủ tịch UBND phường Quy Nhơn , cho biết lực lượng tại chỗ phối hợp quân đội triển khai cứu nạn . Người chồng được đưa ra ngoài trước , còn bà Chim bị vùi dưới lớp đất đá . "" Ban đầu người dân nghe tiếng kêu cứu nhưng sau đó mất liên lạc "" , ông Toàn nói . Lực lượng chức năng tìm thi thể người phụ nữ trong đống đổ nát .",2025-11-20 14:56:10,bf19ed75-8d09-451d-96fe-8046bab88010,"Gia Lai, Quy Nhơn, Sạt lở"
https://vnexpress.net/nuoc-cac-song-o-gia-lai-dak-lak-len-nhanh-nguy-co-ngap-sau-sat-lo-4965792.html,VnExpress,Thời sự,"Mực nước lũ và nguy cơ lũ quét, sạt lở trên các lưu vực sông miền Trung, Tây Nguyên",2025-11-19 15:00:00,"Nước các sông ở Gia Lai, Đăk Lăk lên nhanh, nguy cơ ngập sâu, sạt lở","Mưa lớn khiến mực nước sông Ba (Đăk Lăk) và sông Hà Thanh (Gia Lai) tăng đột biến, tiến sát các mốc lũ lịch sử, đe dọa ngập sâu và sạt lở diện rộng.","Trung tâm Dự báo Khí tượng Thủy văn Quốc gia cho biết tối và đêm nay , nước sông Ba tại trạm Phú Lâm ( Phú Yên cũ ) có thể đạt 5, 21 m , xấp xỉ mức năm 1993 , vượt báo động 3 khoảng 1, 5 m . Nhiều khu vực ở tỉnh Phú Yên cũ ngập sâu .",2025-11-20 14:56:16,bf19ed75-8d09-451d-96fe-8046bab88010,"ngập sâu, Lũ lụt ở Quy Nhơn"
https://vnexpress.net/dieu-tau-hang-tran-giu-hai-cau-duong-sat-bac-nam-4965752.html,VnExpress,Thời sự,Đoàn Loan,2025-11-19 14:05:00,Điều tàu hàng trấn giữ hai cầu đường sắt Bắc Nam,"Trưa 19/11, Công ty CP Đường sắt Nghĩa Bình điều hai đoàn tàu hàng trấn giữ cầu Luật Lễ 1 và 2 bắc qua sông Hà Thanh, tỉnh Gia Lai, để tránh bị lũ cuốn.","Mưa lớn kéo dài từ ngày 17 / 11 khiến nhiều đoạn đường sắt qua Nam Trung Bộ bị ngập . Mực nước sông Hà Thanh dâng cao bất thường , đến sáng nay đã chạm dầm cầu đường sắt Luật Lễ 1 và 2 , đe dọa an toàn công trình . Hai toa tàu chở tà vẹt án ngữ trên cầu Luật Lễ 1 .",2025-11-20 14:56:21,bf19ed75-8d09-451d-96fe-8046bab88010,"Gia Lai, cầu đường sắt, Tàu hàng, gia tải"
https://vnexpress.net/tim-thay-thi-the-nan-nhan-mat-tich-trong-vu-sat-lo-deo-khanh-son-4965841.html,VnExpress,Thời sự,Bùi Toàn,2025-11-19 14:01:00,Tìm thấy thi thể nạn nhân mất tích trong vụ sạt lở đèo Khánh Sơn,"Thi thể nam nạn nhân cuối cùng trong vụ sạt lở lán trại trên đèo Khánh Sơn (xã Cam An) đã được phát hiện trưa 19/11, cách hiện trường khoảng một km.","Ông Lê Huyền , Phó chủ tịch UBND tỉnh Khánh Hòa cho biết trong quá trình mở rộng phạm vi tìm kiếm , lực lượng chức năng phát hiện thi thể ông Chamalé Siêng ( người Raglay ) tại khu vực ven suối Tường Vy , phía hạ lưu vị trí sạt lở . Các đội cứu hộ đang tiếp cận hiện trường . Đến gần 16h , lực lượng chức năng đã đưa được thi thể nạn nhân ra ngoài . Thi thể nạn nhân được lực lượng chức năng đưa ra ngoài .",2025-11-20 14:56:28,bf19ed75-8d09-451d-96fe-8046bab88010,"Khánh Hòa, nạn nhân mất tích, sạt lở đèo Khánh Sơn"
https://vnexpress.net/truc-vot-xe-dau-keo-bi-lu-cuon-o-quang-tri-4965833.html,VnExpress,Thời sự,Đắc Thành,2025-11-19 13:03:00,Trục vớt xe đầu kéo bị lũ cuốn ở Quảng Trị,"Trưa 19/11, lực lượng chức năng Quảng Trị trục vớt chiếc xe đầu kéo bị nước lũ cuốn hơn 100 m, đồng thời huy động gần 100 người mở rộng tìm kiếm tài xế mất tích.","Nước rút , lộ ra xe nằm nghiêng trên bãi bồi giữa sông , cách bờ khoảng 50 m . Lực lượng cứu hộ dùng máy múc dựng xe lên . Lúc này phương tiện hư hỏng nặng , thùng gãy nát , đầu xe biến dạng . Bãi bồi ngổn ngang đất đá khiến việc đưa xe vào bờ khó khăn , buộc cứu hộ phải tháo rời phần đầu và đuôi xe để vận chuyển . . Trục vớt xe đầu kéo bị lũ cuốn Lực lượng cứu hộ trục vớt xe đầu kéo .",2025-11-20 14:56:32,bf19ed75-8d09-451d-96fe-8046bab88010,"xe bị lũ cuốn, trục vớt xe. xe đầu kéo"
https://vnexpress.net/kien-nghi-rut-ngan-thoi-gian-xay-san-bay-gia-binh-4965754.html,VnExpress,Thời sự,Sơn Hà - Anh Tú,2025-11-19 11:03:00,Kiến nghị rút ngắn thời gian xây Sân bay Gia Bình,"Đại biểu Tạ Văn Hạ cho rằng tiến độ 25 năm cho hai giai đoạn của dự án sân bay Gia Bình là dài, cần rút ngắn để đáp ứng yêu cầu phát triển vùng Thủ đô và giảm tải cho Nội Bài.","Sáng 19 / 11 , Quốc hội thảo luận tổ về chủ trương đầu tư sân bay Gia Bình đặt tại Bắc Ninh . Đại biểu Tạ Văn Hạ , Phó chủ nhiệm Ủy ban Văn hóa - Xã hội , bày tỏ sự đồng tình cao với chủ trương đầu tư , cho rằng việc phát triển hạ tầng hàng không theo quy mô quốc tế sẽ tạo động lực mới cho vùng Thủ đô , trong đó có Bắc Ninh , đồng thời chia sẻ gánh nặng với sân bay Nội Bài đang quá tải nhiều năm . Phương án huy động vốn tư nhân là bước tiến quan trọng , mở ra thị trường hàng không năng động hơn . Tuy vậy , đại biểu Hạ cho rằng thời gian thực hiện dự án từ 2026 đến 2050 là "" hơi dài "" . Giai đoạn một dự kiến triển khai 2026 - 2030 để đạt công suất 30 triệu hành khách và 1, 6 triệu tấn hàng hóa mỗi năm là phù hợp , song giai đoạn hai không nhất thiết kéo dài đến 2050 . Chính phủ cần thúc đẩy tiến độ nhanh hơn , triển khai tập trung và quyết liệt hơn để rút ngắn thời gian hoàn thành hạ tầng quan trọng này . Ông cũng nhấn mạnh yêu cầu tính toán kết nối giao thông giữa sân bay với hệ thống cao tốc và đường sắt đô thị nhằm đảm bảo vận hành hiệu quả nhất . Bên cạnh đó , khu vực quy hoạch sân bay nằm trên địa bàn có nhiều làng xóm , chứa đựng các giá trị văn hóa - lịch sử lâu đời nên cần có chính sách hỗ trợ , đền bù thỏa đáng để người dân không bị thiệt thòi khi nhường đất phát triển hạ tầng quốc gia . Với 25 di tích phải di dời , ông đề nghị Chính phủ làm rõ cơ chế đối với di tích cấp quốc gia , cũng như cách thức công nhận lại sau khi dịch chuyển . "" Địa danh gắn với nền đất qua nghìn đời . Di chuyển cả cái đình sang chỗ khác thì còn được gọi là di tích lịch sử cấp quốc gia nữa không ? "" , ông đặt vấn đề . Đại biểu Tạ Văn Hạ , Phó chủ nhiệm Ủy ban Văn hóa - Xã hội phát biểu tại phiên họp tổ .",2025-11-20 14:56:49,bf19ed75-8d09-451d-96fe-8046bab88010,"Quốc hội, Masterise, Sân bay Gia Bình"
https://vnexpress.net/diem-dau-metro-ben-thanh-can-gio-se-nam-trong-cong-vien-23-9-4965788.html,VnExpress,Thời sự,Giang Anh,2025-11-19 11:02:00,Điểm đầu Metro Bến Thành - Cần Giờ sẽ nằm trong Công viên 23/9,Metro kết nối trung tâm TP HCM với Cần Giờ sẽ dời điểm đầu vào Công viên 23/9 thay vì tại nút giao Hàm Nghi - Lê Lợi để tránh các công trình di tích quanh chợ Bến Thành.,"Thông tin nêu trong tờ trình UBND TP HCM gửi Ban Thường vụ Đảng ủy UBND thành phố về hồ sơ chấp thuận chủ trương đầu tư , tuyến metro Bến Thành - Cần Giờ do Công ty Cổ phần Đầu tư và Phát triển đường sắt cao tốc Vinspeed ( Tập đoàn Vingroup ) nghiên cứu và đề xuất . Trước đó , doanh nghiệp đề xuấtkéo dàituyến , chuyển điểm đầu từ khu vực Tân Thuận ( quận 7 cũ ) về gần chợ Bến Thành , tại nút giao Hàm Nghi - Lê Lợi ( quận 1 cũ ) . Tuy nhiên , khu vực này có nhiều công trình di tích như chợ Bến Thành , trụ sở Hỏa Xa , Bảo tàng Mỹ thuật . Sở Văn hóa - Thể thao đề nghị phải tính toán kỹ để đảm bảo an toàn cho các di tích . Khu vực ga ngầm Bến Thành sát Công viên 23 / 9 ở trung tâm TP HCM.",2025-11-20 14:56:54,bf19ed75-8d09-451d-96fe-8046bab88010,"công viên 23/9, Chợ Bến Thành, metro Bến Thành - Cần Giờ"
https://vnexpress.net/10-tau-khach-dung-chay-vi-duong-sat-ngap-0-4-m-4965721.html,VnExpress,Thời sự,Tạm dừng tất cả tàu khách ra đảo Phú Quý,2025-11-19 10:03:00,"10 tàu khách dừng chạy vì đường sắt ngập 0,4 m","Mưa lớn khiến đường sắt Bắc Nam đoạn Diêu Trì - Nha Trang bị ngập đến 0,4 m, ngành đường sắt phải tạm dừng 10 đoàn tàu khách.","Ngày 19 / 11 , các tàu SE7 từ Hà Nội , SE6 từ Sài Gòn và SE21 / SE22 xuất phát tại Đà Nẵng , Sài Gòn đều phải ngừng chạy để đảm bảo an toàn . Trước đó ngày 17 - 18 / 11 , Công ty CP Vận tải đường sắt đã hủy 6 đoàn tàu do lũ dâng tại Nam Trung Bộ . Hành khách được đổi hoặc trả vé miễn phí trong 30 ngày tại các ga . . Hủy nhiều tàu khách do nước ngập Nước ngập tại ga Cây Cày .",2025-11-20 14:56:59,bf19ed75-8d09-451d-96fe-8046bab88010,"Lũ lụt miền Trung, Tàu khách, dừng chạy"
https://vnexpress.net/mien-bac-thap-nhat-3-do-c-4965655.html,VnExpress,Thời sự,Miền Bắc,2025-11-19 09:04:00,Miền Bắc thấp nhất 3 độ C,"Sáng 19/11, toàn bộ 15 tỉnh, thành miền Bắc đều dưới 15 độ C, trong đó Mẫu Sơn (Lạng Sơn) chỉ hơn 3 độ, Hà Nội 13 độ.","Miền Bắcbước sang ngày thứ hai chịu tác động của không khí lạnh mạnh tăng cường , nhiệt độ đồng loạt giảm sâu . Đỉnh Mẫu Sơn cao 1. 500 m rét nhất 3 độ C , giảm gần một nửa so với hôm qua . Nhiều điểm núi cao như Pha Đinh ( Điện Biên ) , Sa Pa ( Lào Cai ) , Đồng Văn ( Tuyên Quang ) , Tam Đảo ( Phú Thọ ) 6 - 8 độ C. Tại Hà Nội , cả 5 trạm đo ghi nhận nhiệt độ dưới 15 độ C ; Ba Vì , Láng , Hoài Đức , Hà Đông khoảng 13 độ , Sơn Tây hơn 14 độ . Một số khu vực đón gió lạnh đầu tiên như Móng Cái , Cửa Ông , Bãi Cháy ( Quảng Ninh ) hay Phù Liễn ( Hải Phòng ) giảm còn 11 độ C. Các điểm nằm sâu trong rừng như Cúc Phương ( Ninh Bình ) cũng ghi nhận mức tương tự . Người Hà Nội đốt lửa sưởi ấm trong giá rét năm 2024 .",2025-11-20 14:57:04,bf19ed75-8d09-451d-96fe-8046bab88010,"Không khí lạnh miền Bắc, Dự báo thời tiết, rét"
https://vnexpress.net/nuoc-ngap-gan-toi-noc-nha-nguoi-quy-nhon-keu-cuu-4965633.html,VnExpress,Thời sự,Trần Hóa - Phạm Linh,2025-11-19 08:01:00,"Nước ngập gần tới nóc nhà, người Quy Nhơn kêu cứu","Lũ lên nhanh trong đêm 18 và rạng sáng 19/11 khiến nhiều khu dân cư trung tâm Quy Nhơn ngập sâu hơn 2 m, hàng trăm người phải leo lên mái nhà, gác lửng kêu cứu.","16 khu phố ở phường Quy Nhơn Bắc gần Đại học Quang Trung bị ngập nặng . Nhiều nhà bị nước tràn tới nóc , người dân phải trèo lên mái tôn , ban công chờ lực lượng cứu hộ . Khu vực này nằm dọc các nhánh sông nhỏ , thường xuyên ngập khi mưa lớn , song đợt lũ lần này lên quá nhanh khiến nhiều gia đình không kịp trở tay . Nhà và ôtô ở Quy Nhơn ngập trong nước , tối 18 / 11 .",2025-11-20 14:57:09,bf19ed75-8d09-451d-96fe-8046bab88010,"Gia Lai, Quy Nhơn, kêu cứu, nước lên trong đêm"
https://vnexpress.net/vi-sao-tp-hcm-thao-do-3-biet-thu-trong-dinh-chu-hoa-4965602.html,VnExpress,Thời sự,Lê Tuyết,2025-11-19 05:00:00,Vì sao TP HCM tháo dỡ 3 biệt thự trong 'Dinh chú Hỏa'?,"Ba biệt thự ở số 1 Lý Thái Tổ bị đơn vị kiểm định chỉ ra hư hỏng nghiêm trọng, không đảm bảo an toàn kết cấu, chính quyền ra quyết định tháo dỡ.","Khu biệt thự do hậu duệ ông Huỳnh Văn Hoa ( chú Hỏa ) xây trên khu đất rộng 4, 3 ha vào khoảng thập niên 1950 , làm nơi nghỉ dưỡng , gồm 8 căn biệt lập kiến trúc Pháp , sau này một căn bị sập . Sau 1975 , khu đất nói trên , ở phường Vườn Lài ( quận 10 cũ ) , được Bộ Ngoại giao tiếp quản làm Nhà khách Chính phủ , rồi bỏ hoang nhiều năm trước khi bàn giao cho TP HCM. Năm 1996 , cụm biệt thự được đưa vào danh sách 108 c .",2025-11-20 14:57:14,bf19ed75-8d09-451d-96fe-8046bab88010,"TP HCM, biệt thự, số 1 Lý Thái Tổ, đài tưởng niệm nạn nhân Covid-19, dinh chú Hỏa"
https://vnexpress.net/hon-70-doanh-nghiep-tinh-gon-chua-hieu-qua-4966006.html,VnExpress,Thời sự,Lê Tuyết,2025-11-20 00:00:00,Hơn 70% doanh nghiệp 'tinh gọn chưa hiệu quả',"76% doanh nghiệp cho biết tinh gọn chưa hiệu quả do con người và cách vận hành không theo kịp thay đổi công nghệ, thị trường.","Thông tin nằm trong báo cáo Code the Future – Lập trình tương laido Anphabe công bố tối 19 / 11 . Báo cáo mô tả xu hướng tinh gọn và tái cấu trúc của doanh nghiệp Việt trong kỷ nguyên AI năm 2025 và giai đoạn 5 năm tới , dựa trên khảo sát hơn 73. 000 người đi làm và phỏng vấn 560 CEO , lãnh đạo nhân sự . Anphabe là đơn vị được đánh giá hàng đầu trong lĩnh vực khảo sát và nghiên cứu thị trường lao động , đồng thời xếp hạng 100 nơi làm việc tốt nhất Việt Nam hằng năm . Theo nghiên cứu , quá trình tinh gọn của doanh nghiệp diễn ra qua bốn cấp độ . Đầu tiên là tinh gọn để tồn tại – tập trung cắt giảm chi phí , thu hẹp hoạt động , giảm nhân sự nhằm duy trì dòng tiền trong ngắn hạn . Kế đến là tinh gọn vì hiệu quả , khi doanh nghiệp chuẩn hóa quy trình , tối ưu vận hành và ứng dụng công nghệ – dữ liệu để tăng tốc độ xử lý và giảm sai sót . Cấp độ cao hơn là tinh gọn để chủ động , với trọng tâm nâng cao năng lực nhân sự và trao quyền nhiều hơn , giúp tổ chức linh hoạt , ít người nhưng năng suất cao . Cao nhất là tinh gọn để tái tạo – khi doanh nghiệp có thể đổi mới liên tục , điều chỉnh mô hình kinh doanh và phát triển sản phẩm theo yêu cầu tương lai . Dù 76 % doanh nghiệp cho biết đã hoặc đang triển khai tinh gọn , phần lớn vẫn dừng ở cấp độ "" tồn tại "" , nghĩa là ưu tiên giảm chi phí , cắt người thay vì tái cấu trúc sâu . Có đến 7 trong 10 doanh nghiệp thừa nhận hiệu quả tinh gọn "" chưa được như mong muốn "" . Theo CEO Anphabe Thanh Nguyễn , nguyên nhân nằm ở ba "" lỗi hệ thống "" khiến quá trình cải tổ chỉ dừng lại dưới dạng khẩu hiệu . Báo cáo của Anphabe được công bố tối 19 / 11 .",2025-11-20 14:57:21,bf19ed75-8d09-451d-96fe-8046bab88010,"cắt giảm nhân sự, Anphabe, Tinh gọn bộ máy"
https://vnexpress.net/lao-dong-bi-no-xau-bao-hiem-chot-so-huong-luong-huu-the-nao-4965801.html,VnExpress,Thời sự,Hồng Chiêu,2025-11-19 12:00:00,Lao động bị nợ xấu bảo hiểm chốt sổ hưởng lương hưu thế nào?,Người lao động bị nợ bảo hiểm xã hội (BHXH) trước ngày 1/7/2024 làm hồ sơ gửi cơ quan Bảo hiểm xã hội tỉnh và được giải quyết trong vòng 15 ngày.,"Bảo hiểm xã hội Việt Nam vừa hướng dẫn các tỉnh thành xác nhận thời gian tham gia BHXH cho lao động để giải quyết chế độ hưu trí trong trường hợp người sử dụng không còn khả năng đóng . Chính sách áp dụng cho đơn vị không còn khả năng đóng trước ngày 1 / 7 / 2024 , thuộc một trong các trường hợp : đã có quyết định tuyên bố phá sản của tòa án , đang làm thủ tục phá sản , giải thể , được xác định không còn hoạt động kinh doanh , bị thu hồi Giấy chứng nhận đăng ký doanh nghiệp , không còn người đại diện theo pháp luật . Lao động bị nợ BHXH trước ngày 1 / 7 / 2024 gồm người đang bảo lưu thời gian đóng hoặc tiếp tục tham gia BHXH , đang hưởng chế độ hưu trí , hưởng BHXH một lần , thân nhân đang hưởng chế độ tử tuất . Lao động một công ty may ở TP HCM đòi quyền lợi bảo hiểm xã hội .",2025-11-20 14:57:28,bf19ed75-8d09-451d-96fe-8046bab88010,"nợ bảo hiểm xã hội, Lương hưu, chốt sổ"
https://vnexpress.net/de-xuat-lao-dong-tu-nop-bao-hiem-that-nghiep-khi-doanh-nghiep-khong-dong-du-4964879.html,VnExpress,Thời sự,Hồng Chiêu,2025-11-17 15:04:00,Đề xuất lao động tự nộp bảo hiểm thất nghiệp khi doanh nghiệp không đóng đủ,"Lao động có thể chọn tự đóng vào Quỹ Bảo hiểm thất nghiệp khi doanh nghiệp không đóng đủ để giải quyết quyền lợi, khi cơ quan Bảo hiểm xã hội thu hồi được sẽ trả lại.","Dự thảo Nghị định quy định chi tiết một số điều của Luật Việc làm về bảo hiểm thất nghiệp ( hiệu lực từ 1 / 1 / 2026 ) đang được Bộ Tư pháp thẩm định . Bộ Nội vụ , cơ quan xây dựng dự thảo , đề xuất trường hợp người sử dụng không đóng đủ bảo hiểm thất nghiệp ( BHTN ) cho lao động thì người lao động được lựa chọn nộp số tiền vào Quỹ thuộc phần trách nhiệm tham gia của mình để làm các thủ tục giải quyết hưởng chế độ . Khi cơ quan Bảo hiểm xã hội thu hồi được số tiền thuộc trách nhiệm đóng của cả hai bên thì hoàn trả lại khoản mà lao động đã đóng , thời gian hoàn trả tối đa không quá 30 ngày . Trường hợp chủ sử dụng lao động không đóng đủ và lao động không chọn nộp số tiền vào Quỹ thì người đó có quyền khởi kiện ra tòa yêu cầu trả khoản tiền tương ứng với các chế độ đi kèm .",2025-11-20 14:57:36,bf19ed75-8d09-451d-96fe-8046bab88010,"bảo hiểm thất nghiệp, Luật Việc làm"
https://vnexpress.net/song-chung-lu-ngheo-mien-tay-4964078.html,VnExpress,Thời sự,"Lũ nghèo, nông dân nghèo",2025-11-15 10:03:00,Sống chung 'lũ nghèo' miền Tây,"Giảm thâm canh vụ ba, nhân giống thủy sản tự nhiên và tái chế phế phẩm thành ""phù sa nhân tạo""... được đề xuất để ứng phó tình trạng lũ nghèo kéo dài.","Năm nay , lũ ở Đồng bằng sông Cửu Long cao hơn trung bình nhiều năm , nhưng vẫn thấp hơn đợt lũ 2000 và 2011 . Thạc sĩ Nguyễn Hữu Thiện , chuyên gia nghiên cứu độc lập về sinh thái Đồng bằng sông Cửu Long , cho rằng lũ trung bình và thấp trong thập kỷ qua chủ yếu do tác động của hai hiện tượng El Nino và La Nina . Năm El Nino thì mưa ít , La Nina mưa nhiều . Khi không xảy ra cả hai , gọi là trung tính , lượng mưa ở mức trung bình . Biến đổi khí hậu khiến các hiện tượng này thêm cực đoan . Những năm gần đây , thời tiết thường ở trạng thái trung tính , mưa yếu hoặc trung bình , khiến lượng nước sông Mekong đổ về thấp . Các đập thủy điện thượng nguồn không tiêu thụ nước nhưng làm thay đổi thời gian dòng chảy . Năm mưa ít , đập tăng tích nước khiến sông cạn , lượng xả về chậm vì phải đi qua chuỗi hồ chứa . Năm mưa bình thường , thủy điện tích nước sang mùa khô , làm giảm lũ và tăng dòng chảy mùa khô 20 - 30 % . Khi thời tiết cực đoan , đập quá đầy xả khẩn cấp , nguy cơ gây thảm họa cho đồng bằng . Lũ nghèo , nông dân nghèo Ông Thiện phân tích thêm lũ thấp sẽ .",2025-11-20 14:57:43,bf19ed75-8d09-451d-96fe-8046bab88010,"lũ miền Tây, lũ nghèo, lũ đồng bằng sông cửu long"
https://vnexpress.net/hai-lang-hoa-lon-nhat-mien-tay-tat-bat-vao-vu-tet-4960337.html,VnExpress,Thời sự,An Bình - Ngọc Tài,2025-11-15 00:00:00,Hai làng hoa lớn nhất miền Tây tất bật vào vụ Tết,"Nông dân làng hoa Sa Đéc (Đồng Tháp) và Chợ Lách (Vĩnh Long) đang ngày đêm chăm sóc hàng triệu chậu hoa, kiểng để kịp phục vụ Tết Nguyên đán 2026.","Tại Sa Đéc , không khí sản xuất rộn ràng từ đầu tháng 9 âm lịch . Nông dân xuống giống hoa ngắn ngày như vạn thọ , cúc pico , hoa đồng tiền , còn cúc mâm xôi truyền thống đã gieo từ ba tháng trước . Ông Đặng Quang Giàu , Tổ trưởng Tổ hợp tác hoa , kiểng khóm Tân An , cho biết 11 thành viên trong tổ trồng 300. 000 giỏ , trong đó hai phần ba phục vụ Festival hoa Sa Đéc dịp Tết Dương lịch , còn lại cho Tết Nguyên đán . Ông Đặng Quang Giàu đang chăm sóc vườn hoa của mình , tại làng hoa Sa Đéc .",2025-11-20 14:57:50,bf19ed75-8d09-451d-96fe-8046bab88010,"làng hoa, vụ Tết, Miền TTây"
